"","X","id_ristorante","Location","Regione","Provincia","data","scontrini","lordototale","Prezzo_medio_per_scontrino","Giorno","Month","Year","Season","Weekend","Festivo","Popolazione","Precipitazioni.mm.","Pioggia","ColoreCOVID","Dose1","Dose2","DoseUnica","Booster1","Booster3Dosi","Booster2","Dose1Cum","Dose2Cum","DoseUnicaCum","Booster1Cum","Booster3DosiCum","Booster2Cum","BENZINA","GASOLIO_AUTO","GPL","GASOLIO_RISCALDAMENTO","O.C._FLUIDO_BTZ","O.C._DENSO_BTZ","BENZINA.LITRO","GASOLIO_AUTO.LITRO","GPL.LITRO","GASOLIO_RISCALDAMENTO.LITRO","O.C._FLUIDO_BTZ.LITRO","O.C._DENSO_BTZ.LITRO","Durum_Wheat","Feed_Barley","Maize","Milling_Wheat"
"1",784,"R000","Montebello","Lombardia","Pavia",2020-02-24,323,7367.814,22.8105696594427,"Monday","2","2020","Winter","False","False",1525,NA,"","",NA,NA,NA,NA,NA,NA,NA,NA,NA,NA,NA,NA,1545.5,1439.42,630.99,1290.36,854.18,496,1.5455,1.43942,0.63099,1.29036,0.85418,0.496,262.5,181.5,176,199.5
"2",785,"R000","Montebello","Lombardia","Pavia",2020-02-25,257,6204.735,24.1429377431907,"Tuesday","2","2020","Winter","False","False",1525,NA,"","",NA,NA,NA,NA,NA,NA,NA,NA,NA,NA,NA,NA,1545.5,1439.42,630.99,1290.36,854.18,496,1.5455,1.43942,0.63099,1.29036,0.85418,0.496,262.5,181.5,176,199.5
"3",786,"R000","Montebello","Lombardia","Pavia",2020-02-26,305,8036.415,26.3489016393443,"Wednesday","2","2020","Winter","False","False",1525,NA,"","",NA,NA,NA,NA,NA,NA,NA,NA,NA,NA,NA,NA,1545.5,1439.42,630.99,1290.36,854.18,496,1.5455,1.43942,0.63099,1.29036,0.85418,0.496,262.5,181.5,176,199.5
"4",787,"R000","Montebello","Lombardia","Pavia",2020-02-27,357,8750.565,24.5113865546219,"Thursday","2","2020","Winter","False","False",1525,NA,"","",NA,NA,NA,NA,NA,NA,NA,NA,NA,NA,NA,NA,1545.5,1439.42,630.99,1290.36,854.18,496,1.5455,1.43942,0.63099,1.29036,0.85418,0.496,267.5,181.5,176,199.5
"5",788,"R000","Montebello","Lombardia","Pavia",2020-02-28,496,12779.289,25.7646955645161,"Friday","2","2020","Winter","False","False",1525,NA,"","",NA,NA,NA,NA,NA,NA,NA,NA,NA,NA,NA,NA,1545.5,1439.42,630.99,1290.36,854.18,496,1.5455,1.43942,0.63099,1.29036,0.85418,0.496,267.5,181.5,176,199.5
"6",789,"R000","Montebello","Lombardia","Pavia",2020-02-29,605,16312.725,26.9631818181818,"Saturday","2","2020","Winter","True","False",1525,1.8,"True","",NA,NA,NA,NA,NA,NA,NA,NA,NA,NA,NA,NA,1545.5,1439.42,630.99,1290.36,854.18,496,1.5455,1.43942,0.63099,1.29036,0.85418,0.496,267.5,181.5,176,199.5
"7",790,"R000","Montebello","Lombardia","Pavia",2020-03-01,514,13912.641,27.0673949416342,"Sunday","3","2020","Winter","True","True",1525,3,"True","",NA,NA,NA,NA,NA,NA,NA,NA,NA,NA,NA,NA,1545.5,1439.42,630.99,1290.36,854.18,496,1.5455,1.43942,0.63099,1.29036,0.85418,0.496,267.5,181.5,176,199.5
"8",791,"R000","Montebello","Lombardia","Pavia",2020-03-02,402,9332.523,23.2152313432836,"Monday","3","2020","Winter","False","False",1525,24.6,"True","",NA,NA,NA,NA,NA,NA,NA,NA,NA,NA,NA,NA,1540.15,1432.16,627.91,1247.64,811.73,445.75,1.54015,1.43216,0.62791,1.24764,0.81173,0.44575,267.5,181.5,176,199.5
"9",792,"R000","Montebello","Lombardia","Pavia",2020-03-03,445,9952.038,22.3641303370787,"Tuesday","3","2020","Winter","False","False",1525,4.8,"True","",NA,NA,NA,NA,NA,NA,NA,NA,NA,NA,NA,NA,1540.15,1432.16,627.91,1247.64,811.73,445.75,1.54015,1.43216,0.62791,1.24764,0.81173,0.44575,267.5,181.5,176,199.5
"10",793,"R000","Montebello","Lombardia","Pavia",2020-03-04,448,9823.788,21.9280982142857,"Wednesday","3","2020","Winter","False","False",1525,NA,"","",NA,NA,NA,NA,NA,NA,NA,NA,NA,NA,NA,NA,1540.15,1432.16,627.91,1247.64,811.73,445.75,1.54015,1.43216,0.62791,1.24764,0.81173,0.44575,267.5,181.5,176,199.5
"11",794,"R000","Montebello","Lombardia","Pavia",2020-03-05,461,10418.382,22.5995271149675,"Thursday","3","2020","Winter","False","False",1525,15.2,"True","",NA,NA,NA,NA,NA,NA,NA,NA,NA,NA,NA,NA,1540.15,1432.16,627.91,1247.64,811.73,445.75,1.54015,1.43216,0.62791,1.24764,0.81173,0.44575,267.5,181.5,176,199.5
"12",795,"R000","Montebello","Lombardia","Pavia",2020-03-06,493,10842.417,21.9927322515213,"Friday","3","2020","Winter","False","False",1525,0.6,"True","",NA,NA,NA,NA,NA,NA,NA,NA,NA,NA,NA,NA,1540.15,1432.16,627.91,1247.64,811.73,445.75,1.54015,1.43216,0.62791,1.24764,0.81173,0.44575,267.5,181.5,176,199.5
"13",796,"R000","Montebello","Lombardia","Pavia",2020-03-07,557,14958.135,26.8548204667864,"Saturday","3","2020","Winter","True","False",1525,NA,"","",NA,NA,NA,NA,NA,NA,NA,NA,NA,NA,NA,NA,1540.15,1432.16,627.91,1247.64,811.73,445.75,1.54015,1.43216,0.62791,1.24764,0.81173,0.44575,267.5,181.5,176,199.5
"14",797,"R000","Montebello","Lombardia","Pavia",2020-03-08,232,5275.449,22.7390043103448,"Sunday","3","2020","Winter","True","True",1525,NA,"","",NA,NA,NA,NA,NA,NA,NA,NA,NA,NA,NA,NA,1540.15,1432.16,627.91,1247.64,811.73,445.75,1.54015,1.43216,0.62791,1.24764,0.81173,0.44575,267.5,181.5,176,199.5
"15",798,"R000","Montebello","Lombardia","Pavia",2020-03-09,184,4063.419,22.0837989130435,"Monday","3","2020","Winter","False","False",1525,2.6,"True","",NA,NA,NA,NA,NA,NA,NA,NA,NA,NA,NA,NA,1522.31,1414.2,621.1,1244.21,814.36,443.88,1.52231,1.4142,0.6211,1.24421,0.81436,0.44388,267.5,181.5,176,199.5
"16",799,"R000","Montebello","Lombardia","Pavia",2020-03-10,142,3292.812,23.1888169014085,"Tuesday","3","2020","Winter","False","False",1525,NA,"","",NA,NA,NA,NA,NA,NA,NA,NA,NA,NA,NA,NA,1522.31,1414.2,621.1,1244.21,814.36,443.88,1.52231,1.4142,0.6211,1.24421,0.81436,0.44388,267.5,181.5,176,199.5
"17",800,"R000","Montebello","Lombardia","Pavia",2020-03-11,135,3007.584,22.2784,"Wednesday","3","2020","Winter","False","False",1525,NA,"","",NA,NA,NA,NA,NA,NA,NA,NA,NA,NA,NA,NA,1522.31,1414.2,621.1,1244.21,814.36,443.88,1.52231,1.4142,0.6211,1.24421,0.81436,0.44388,267.5,181.5,176,199.5
"18",801,"R000","Montebello","Lombardia","Pavia",2020-03-12,0,0,0,"Thursday","3","2020","Winter","False","False",1525,NA,"","",NA,NA,NA,NA,NA,NA,NA,NA,NA,NA,NA,NA,1522.31,1414.2,621.1,1244.21,814.36,443.88,1.52231,1.4142,0.6211,1.24421,0.81436,0.44388,267.5,179.5,176,199.5
"19",802,"R000","Montebello","Lombardia","Pavia",2020-03-13,0,0,0,"Friday","3","2020","Winter","False","False",1525,NA,"","",NA,NA,NA,NA,NA,NA,NA,NA,NA,NA,NA,NA,1522.31,1414.2,621.1,1244.21,814.36,443.88,1.52231,1.4142,0.6211,1.24421,0.81436,0.44388,267.5,179.5,176,199.5
"20",803,"R000","Montebello","Lombardia","Pavia",2020-03-14,0,0,0,"Saturday","3","2020","Winter","True","False",1525,0.6,"True","",NA,NA,NA,NA,NA,NA,NA,NA,NA,NA,NA,NA,1522.31,1414.2,621.1,1244.21,814.36,443.88,1.52231,1.4142,0.6211,1.24421,0.81436,0.44388,267.5,179.5,176,199.5
"21",804,"R000","Montebello","Lombardia","Pavia",2020-03-15,0,0,0,"Sunday","3","2020","Winter","True","True",1525,NA,"","",NA,NA,NA,NA,NA,NA,NA,NA,NA,NA,NA,NA,1522.31,1414.2,621.1,1244.21,814.36,443.88,1.52231,1.4142,0.6211,1.24421,0.81436,0.44388,267.5,179.5,176,199.5
"22",805,"R000","Montebello","Lombardia","Pavia",2020-03-16,0,0,0,"Monday","3","2020","Winter","False","False",1525,NA,"","",NA,NA,NA,NA,NA,NA,NA,NA,NA,NA,NA,NA,1496.59,1389.03,616.6,1168.86,759.27,371.13,1.49659,1.38903,0.6166,1.16886,0.75927,0.37113,267.5,179.5,176,199.5
"23",806,"R000","Montebello","Lombardia","Pavia",2020-03-17,0,0,0,"Tuesday","3","2020","Winter","False","False",1525,NA,"","",NA,NA,NA,NA,NA,NA,NA,NA,NA,NA,NA,NA,1496.59,1389.03,616.6,1168.86,759.27,371.13,1.49659,1.38903,0.6166,1.16886,0.75927,0.37113,267.5,179.5,176,199.5
"24",807,"R000","Montebello","Lombardia","Pavia",2020-03-18,0,0,0,"Wednesday","3","2020","Winter","False","False",1525,NA,"","",NA,NA,NA,NA,NA,NA,NA,NA,NA,NA,NA,NA,1496.59,1389.03,616.6,1168.86,759.27,371.13,1.49659,1.38903,0.6166,1.16886,0.75927,0.37113,267.5,179.5,176,199.5
"25",808,"R000","Montebello","Lombardia","Pavia",2020-03-19,0,0,0,"Thursday","3","2020","Winter","False","False",1525,NA,"","",NA,NA,NA,NA,NA,NA,NA,NA,NA,NA,NA,NA,1496.59,1389.03,616.6,1168.86,759.27,371.13,1.49659,1.38903,0.6166,1.16886,0.75927,0.37113,267.5,179.5,178,199.5
"26",809,"R000","Montebello","Lombardia","Pavia",2020-03-20,0,0,0,"Friday","3","2020","Spring","False","False",1525,NA,"","",NA,NA,NA,NA,NA,NA,NA,NA,NA,NA,NA,NA,1496.59,1389.03,616.6,1168.86,759.27,371.13,1.49659,1.38903,0.6166,1.16886,0.75927,0.37113,267.5,179.5,178,199.5
"27",810,"R000","Montebello","Lombardia","Pavia",2020-03-21,0,0,0,"Saturday","3","2020","Spring","True","False",1525,NA,"","",NA,NA,NA,NA,NA,NA,NA,NA,NA,NA,NA,NA,1496.59,1389.03,616.6,1168.86,759.27,371.13,1.49659,1.38903,0.6166,1.16886,0.75927,0.37113,267.5,179.5,178,199.5
"28",811,"R000","Montebello","Lombardia","Pavia",2020-03-22,0,0,0,"Sunday","3","2020","Spring","True","True",1525,NA,"","",NA,NA,NA,NA,NA,NA,NA,NA,NA,NA,NA,NA,1496.59,1389.03,616.6,1168.86,759.27,371.13,1.49659,1.38903,0.6166,1.16886,0.75927,0.37113,267.5,179.5,178,199.5
"29",812,"R000","Montebello","Lombardia","Pavia",2020-03-23,0,0,0,"Monday","3","2020","Spring","False","False",1525,NA,"","",NA,NA,NA,NA,NA,NA,NA,NA,NA,NA,NA,NA,1477.47,1368.48,615.6,1140.57,708.45,322.5,1.47747,1.36848,0.6156,1.14057,0.70845,0.3225,267.5,179.5,178,199.5
"30",813,"R000","Montebello","Lombardia","Pavia",2020-03-24,0,0,0,"Tuesday","3","2020","Spring","False","False",1525,NA,"","",NA,NA,NA,NA,NA,NA,NA,NA,NA,NA,NA,NA,1477.47,1368.48,615.6,1140.57,708.45,322.5,1.47747,1.36848,0.6156,1.14057,0.70845,0.3225,267.5,179.5,178,199.5
"31",814,"R000","Montebello","Lombardia","Pavia",2020-03-25,0,0,0,"Wednesday","3","2020","Spring","False","False",1525,NA,"","",NA,NA,NA,NA,NA,NA,NA,NA,NA,NA,NA,NA,1477.47,1368.48,615.6,1140.57,708.45,322.5,1.47747,1.36848,0.6156,1.14057,0.70845,0.3225,267.5,179.5,178,199.5
"32",815,"R000","Montebello","Lombardia","Pavia",2020-03-26,0,0,0,"Thursday","3","2020","Spring","False","False",1525,0.4,"True","",NA,NA,NA,NA,NA,NA,NA,NA,NA,NA,NA,NA,1477.47,1368.48,615.6,1140.57,708.45,322.5,1.47747,1.36848,0.6156,1.14057,0.70845,0.3225,267.5,182.5,184,202.5
"33",816,"R000","Montebello","Lombardia","Pavia",2020-03-27,0,0,0,"Friday","3","2020","Spring","False","False",1525,NA,"","",NA,NA,NA,NA,NA,NA,NA,NA,NA,NA,NA,NA,1477.47,1368.48,615.6,1140.57,708.45,322.5,1.47747,1.36848,0.6156,1.14057,0.70845,0.3225,267.5,182.5,184,202.5
"34",817,"R000","Montebello","Lombardia","Pavia",2020-03-28,0,0,0,"Saturday","3","2020","Spring","True","False",1525,NA,"","",NA,NA,NA,NA,NA,NA,NA,NA,NA,NA,NA,NA,1477.47,1368.48,615.6,1140.57,708.45,322.5,1.47747,1.36848,0.6156,1.14057,0.70845,0.3225,267.5,182.5,184,202.5
"35",818,"R000","Montebello","Lombardia","Pavia",2020-03-29,0,0,0,"Sunday","3","2020","Spring","True","True",1525,NA,"","",NA,NA,NA,NA,NA,NA,NA,NA,NA,NA,NA,NA,1477.47,1368.48,615.6,1140.57,708.45,322.5,1.47747,1.36848,0.6156,1.14057,0.70845,0.3225,267.5,182.5,184,202.5
"36",819,"R000","Montebello","Lombardia","Pavia",2020-03-30,0,0,0,"Monday","3","2020","Spring","False","False",1525,1.8,"True","",NA,NA,NA,NA,NA,NA,NA,NA,NA,NA,NA,NA,1456.54,1347.81,615.94,1157.18,715.82,302.38,1.45654,1.34781,0.61594,1.15718,0.71582,0.30238,267.5,182.5,184,202.5
"37",820,"R000","Montebello","Lombardia","Pavia",2020-03-31,0,0,0,"Tuesday","3","2020","Spring","False","False",1525,NA,"","",NA,NA,NA,NA,NA,NA,NA,NA,NA,NA,NA,NA,1456.54,1347.81,615.94,1157.18,715.82,302.38,1.45654,1.34781,0.61594,1.15718,0.71582,0.30238,267.5,182.5,184,202.5
"38",821,"R000","Montebello","Lombardia","Pavia",2020-04-01,0,2.7,Inf,"Wednesday","4","2020","Spring","False","False",1525,NA,"","",NA,NA,NA,NA,NA,NA,NA,NA,NA,NA,NA,NA,1456.54,1347.81,615.94,1157.18,715.82,302.38,1.45654,1.34781,0.61594,1.15718,0.71582,0.30238,267.5,182.5,184,202.5
"39",822,"R000","Montebello","Lombardia","Pavia",2020-04-02,0,0,0,"Thursday","4","2020","Spring","False","False",1525,NA,"","",NA,NA,NA,NA,NA,NA,NA,NA,NA,NA,NA,NA,1456.54,1347.81,615.94,1157.18,715.82,302.38,1.45654,1.34781,0.61594,1.15718,0.71582,0.30238,271.5,182.5,187,209.5
"40",823,"R000","Montebello","Lombardia","Pavia",2020-04-03,0,0,0,"Friday","4","2020","Spring","False","False",1525,NA,"","",NA,NA,NA,NA,NA,NA,NA,NA,NA,NA,NA,NA,1456.54,1347.81,615.94,1157.18,715.82,302.38,1.45654,1.34781,0.61594,1.15718,0.71582,0.30238,271.5,182.5,187,209.5
"41",824,"R000","Montebello","Lombardia","Pavia",2020-04-04,0,0,0,"Saturday","4","2020","Spring","True","False",1525,NA,"","",NA,NA,NA,NA,NA,NA,NA,NA,NA,NA,NA,NA,1456.54,1347.81,615.94,1157.18,715.82,302.38,1.45654,1.34781,0.61594,1.15718,0.71582,0.30238,271.5,182.5,187,209.5
"42",825,"R000","Montebello","Lombardia","Pavia",2020-04-05,0,0,0,"Sunday","4","2020","Spring","True","True",1525,NA,"","",NA,NA,NA,NA,NA,NA,NA,NA,NA,NA,NA,NA,1456.54,1347.81,615.94,1157.18,715.82,302.38,1.45654,1.34781,0.61594,1.15718,0.71582,0.30238,271.5,182.5,187,209.5
"43",826,"R000","Montebello","Lombardia","Pavia",2020-04-06,0,0,0,"Monday","4","2020","Spring","False","False",1525,NA,"","",NA,NA,NA,NA,NA,NA,NA,NA,NA,NA,NA,NA,1436.81,1328.02,607.32,1119.11,687.45,287,1.43681,1.32802,0.60732,1.11911,0.68745,0.287,271.5,182.5,187,209.5
"44",827,"R000","Montebello","Lombardia","Pavia",2020-04-07,0,0,0,"Tuesday","4","2020","Spring","False","False",1525,NA,"","",NA,NA,NA,NA,NA,NA,NA,NA,NA,NA,NA,NA,1436.81,1328.02,607.32,1119.11,687.45,287,1.43681,1.32802,0.60732,1.11911,0.68745,0.287,271.5,182.5,187,209.5
"45",828,"R000","Montebello","Lombardia","Pavia",2020-04-08,0,0,0,"Wednesday","4","2020","Spring","False","False",1525,NA,"","",NA,NA,NA,NA,NA,NA,NA,NA,NA,NA,NA,NA,1436.81,1328.02,607.32,1119.11,687.45,287,1.43681,1.32802,0.60732,1.11911,0.68745,0.287,271.5,182.5,187,209.5
"46",829,"R000","Montebello","Lombardia","Pavia",2020-04-09,0,0,0,"Thursday","4","2020","Spring","False","False",1525,NA,"","",NA,NA,NA,NA,NA,NA,NA,NA,NA,NA,NA,NA,1436.81,1328.02,607.32,1119.11,687.45,287,1.43681,1.32802,0.60732,1.11911,0.68745,0.287,278.5,182.5,187,212.5
"47",830,"R000","Montebello","Lombardia","Pavia",2020-04-10,0,0,0,"Friday","4","2020","Spring","False","False",1525,NA,"","",NA,NA,NA,NA,NA,NA,NA,NA,NA,NA,NA,NA,1436.81,1328.02,607.32,1119.11,687.45,287,1.43681,1.32802,0.60732,1.11911,0.68745,0.287,278.5,182.5,187,212.5
"48",831,"R000","Montebello","Lombardia","Pavia",2020-04-11,0,0,0,"Saturday","4","2020","Spring","True","False",1525,NA,"","",NA,NA,NA,NA,NA,NA,NA,NA,NA,NA,NA,NA,1436.81,1328.02,607.32,1119.11,687.45,287,1.43681,1.32802,0.60732,1.11911,0.68745,0.287,278.5,182.5,187,212.5
"49",832,"R000","Montebello","Lombardia","Pavia",2020-04-12,0,0,0,"Sunday","4","2020","Spring","True","True",1525,NA,"","",NA,NA,NA,NA,NA,NA,NA,NA,NA,NA,NA,NA,1436.81,1328.02,607.32,1119.11,687.45,287,1.43681,1.32802,0.60732,1.11911,0.68745,0.287,278.5,182.5,187,212.5
"50",833,"R000","Montebello","Lombardia","Pavia",2020-04-13,0,0,0,"Monday","4","2020","Spring","False","True",1525,NA,"","",NA,NA,NA,NA,NA,NA,NA,NA,NA,NA,NA,NA,1422.27,1315.6,601.65,1125.61,694.18,304.63,1.42227,1.3156,0.60165,1.12561,0.69418,0.30463,278.5,182.5,187,212.5
"51",834,"R000","Montebello","Lombardia","Pavia",2020-04-14,0,0,0,"Tuesday","4","2020","Spring","False","False",1525,NA,"","",NA,NA,NA,NA,NA,NA,NA,NA,NA,NA,NA,NA,1422.27,1315.6,601.65,1125.61,694.18,304.63,1.42227,1.3156,0.60165,1.12561,0.69418,0.30463,278.5,182.5,187,212.5
"52",835,"R000","Montebello","Lombardia","Pavia",2020-04-15,0,0,0,"Wednesday","4","2020","Spring","False","False",1525,NA,"","",NA,NA,NA,NA,NA,NA,NA,NA,NA,NA,NA,NA,1422.27,1315.6,601.65,1125.61,694.18,304.63,1.42227,1.3156,0.60165,1.12561,0.69418,0.30463,278.5,182.5,187,212.5
"53",836,"R000","Montebello","Lombardia","Pavia",2020-04-16,0,0,0,"Thursday","4","2020","Spring","False","False",1525,NA,"","",NA,NA,NA,NA,NA,NA,NA,NA,NA,NA,NA,NA,1422.27,1315.6,601.65,1125.61,694.18,304.63,1.42227,1.3156,0.60165,1.12561,0.69418,0.30463,282.5,181.5,186,212.5
"54",837,"R000","Montebello","Lombardia","Pavia",2020-04-17,0,0,0,"Friday","4","2020","Spring","False","False",1525,NA,"","",NA,NA,NA,NA,NA,NA,NA,NA,NA,NA,NA,NA,1422.27,1315.6,601.65,1125.61,694.18,304.63,1.42227,1.3156,0.60165,1.12561,0.69418,0.30463,282.5,181.5,186,212.5
"55",838,"R000","Montebello","Lombardia","Pavia",2020-04-18,0,0,0,"Saturday","4","2020","Spring","True","False",1525,NA,"","",NA,NA,NA,NA,NA,NA,NA,NA,NA,NA,NA,NA,1422.27,1315.6,601.65,1125.61,694.18,304.63,1.42227,1.3156,0.60165,1.12561,0.69418,0.30463,282.5,181.5,186,212.5
"56",839,"R000","Montebello","Lombardia","Pavia",2020-04-19,0,0,0,"Sunday","4","2020","Spring","True","True",1525,5,"True","",NA,NA,NA,NA,NA,NA,NA,NA,NA,NA,NA,NA,1422.27,1315.6,601.65,1125.61,694.18,304.63,1.42227,1.3156,0.60165,1.12561,0.69418,0.30463,282.5,181.5,186,212.5
"57",840,"R000","Montebello","Lombardia","Pavia",2020-04-20,0,0,0,"Monday","4","2020","Spring","False","False",1525,5.2,"True","",NA,NA,NA,NA,NA,NA,NA,NA,NA,NA,NA,NA,1411.26,1306.43,601.23,1092,679.27,295.13,1.41126,1.30643,0.60123,1.092,0.67927,0.29513,282.5,181.5,186,212.5
"58",841,"R000","Montebello","Lombardia","Pavia",2020-04-21,0,0,0,"Tuesday","4","2020","Spring","False","False",1525,2.2,"True","",NA,NA,NA,NA,NA,NA,NA,NA,NA,NA,NA,NA,1411.26,1306.43,601.23,1092,679.27,295.13,1.41126,1.30643,0.60123,1.092,0.67927,0.29513,282.5,181.5,186,212.5
"59",842,"R000","Montebello","Lombardia","Pavia",2020-04-22,0,0,0,"Wednesday","4","2020","Spring","False","False",1525,NA,"","",NA,NA,NA,NA,NA,NA,NA,NA,NA,NA,NA,NA,1411.26,1306.43,601.23,1092,679.27,295.13,1.41126,1.30643,0.60123,1.092,0.67927,0.29513,282.5,181.5,186,212.5
"60",843,"R000","Montebello","Lombardia","Pavia",2020-04-23,0,0,0,"Thursday","4","2020","Spring","False","False",1525,NA,"","",NA,NA,NA,NA,NA,NA,NA,NA,NA,NA,NA,NA,1411.26,1306.43,601.23,1092,679.27,295.13,1.41126,1.30643,0.60123,1.092,0.67927,0.29513,282.5,179.5,185,210.5
"61",844,"R000","Montebello","Lombardia","Pavia",2020-04-24,0,0,0,"Friday","4","2020","Spring","False","False",1525,NA,"","",NA,NA,NA,NA,NA,NA,NA,NA,NA,NA,NA,NA,1411.26,1306.43,601.23,1092,679.27,295.13,1.41126,1.30643,0.60123,1.092,0.67927,0.29513,282.5,179.5,185,210.5
"62",845,"R000","Montebello","Lombardia","Pavia",2020-04-25,0,0,0,"Saturday","4","2020","Spring","True","True",1525,NA,"","",NA,NA,NA,NA,NA,NA,NA,NA,NA,NA,NA,NA,1411.26,1306.43,601.23,1092,679.27,295.13,1.41126,1.30643,0.60123,1.092,0.67927,0.29513,282.5,179.5,185,210.5
"63",846,"R000","Montebello","Lombardia","Pavia",2020-04-26,0,0,0,"Sunday","4","2020","Spring","True","True",1525,NA,"","",NA,NA,NA,NA,NA,NA,NA,NA,NA,NA,NA,NA,1411.26,1306.43,601.23,1092,679.27,295.13,1.41126,1.30643,0.60123,1.092,0.67927,0.29513,282.5,179.5,185,210.5
"64",847,"R000","Montebello","Lombardia","Pavia",2020-04-27,0,0,0,"Monday","4","2020","Spring","False","False",1525,NA,"","",NA,NA,NA,NA,NA,NA,NA,NA,NA,NA,NA,NA,1391.61,1287.06,598.97,1061.43,616.55,278.75,1.39161,1.28706,0.59897,1.06143,0.61655,0.27875,282.5,179.5,185,210.5
"65",848,"R000","Montebello","Lombardia","Pavia",2020-04-28,0,0,0,"Tuesday","4","2020","Spring","False","False",1525,4.8,"True","",NA,NA,NA,NA,NA,NA,NA,NA,NA,NA,NA,NA,1391.61,1287.06,598.97,1061.43,616.55,278.75,1.39161,1.28706,0.59897,1.06143,0.61655,0.27875,282.5,179.5,185,210.5
"66",849,"R000","Montebello","Lombardia","Pavia",2020-04-29,0,0,0,"Wednesday","4","2020","Spring","False","False",1525,0.4,"True","",NA,NA,NA,NA,NA,NA,NA,NA,NA,NA,NA,NA,1391.61,1287.06,598.97,1061.43,616.55,278.75,1.39161,1.28706,0.59897,1.06143,0.61655,0.27875,282.5,179.5,185,210.5
"67",850,"R000","Montebello","Lombardia","Pavia",2020-04-30,0,0,0,"Thursday","4","2020","Spring","False","False",1525,0.6,"True","",NA,NA,NA,NA,NA,NA,NA,NA,NA,NA,NA,NA,1391.61,1287.06,598.97,1061.43,616.55,278.75,1.39161,1.28706,0.59897,1.06143,0.61655,0.27875,282.5,177.5,183,209.5
"68",851,"R000","Montebello","Lombardia","Pavia",2020-05-01,0,0,0,"Friday","5","2020","Spring","False","True",1525,NA,"","",NA,NA,NA,NA,NA,NA,NA,NA,NA,NA,NA,NA,1391.61,1287.06,598.97,1061.43,616.55,278.75,1.39161,1.28706,0.59897,1.06143,0.61655,0.27875,282.5,177.5,183,209.5
"69",852,"R000","Montebello","Lombardia","Pavia",2020-05-02,0,0,0,"Saturday","5","2020","Spring","True","False",1525,NA,"","",NA,NA,NA,NA,NA,NA,NA,NA,NA,NA,NA,NA,1391.61,1287.06,598.97,1061.43,616.55,278.75,1.39161,1.28706,0.59897,1.06143,0.61655,0.27875,282.5,177.5,183,209.5
"70",853,"R000","Montebello","Lombardia","Pavia",2020-05-03,0,0,0,"Sunday","5","2020","Spring","True","True",1525,NA,"","",NA,NA,NA,NA,NA,NA,NA,NA,NA,NA,NA,NA,1391.61,1287.06,598.97,1061.43,616.55,278.75,1.39161,1.28706,0.59897,1.06143,0.61655,0.27875,282.5,177.5,183,209.5
"71",854,"R000","Montebello","Lombardia","Pavia",2020-05-04,0,0,0,"Monday","5","2020","Spring","False","False",1525,NA,"","",NA,NA,NA,NA,NA,NA,NA,NA,NA,NA,NA,NA,1374.28,1267.15,597.69,1051.46,635.91,283.13,1.37428,1.26715,0.59769,1.05146,0.63591,0.28313,282.5,177.5,183,209.5
"72",855,"R000","Montebello","Lombardia","Pavia",2020-05-05,0,0,0,"Tuesday","5","2020","Spring","False","False",1525,NA,"","",NA,NA,NA,NA,NA,NA,NA,NA,NA,NA,NA,NA,1374.28,1267.15,597.69,1051.46,635.91,283.13,1.37428,1.26715,0.59769,1.05146,0.63591,0.28313,282.5,177.5,183,209.5
"73",856,"R000","Montebello","Lombardia","Pavia",2020-05-06,0,0,0,"Wednesday","5","2020","Spring","False","False",1525,NA,"","",NA,NA,NA,NA,NA,NA,NA,NA,NA,NA,NA,NA,1374.28,1267.15,597.69,1051.46,635.91,283.13,1.37428,1.26715,0.59769,1.05146,0.63591,0.28313,282.5,177.5,183,209.5
"74",857,"R000","Montebello","Lombardia","Pavia",2020-05-07,181,8414.766,46.4904198895028,"Thursday","5","2020","Spring","False","False",1525,NA,"","",NA,NA,NA,NA,NA,NA,NA,NA,NA,NA,NA,NA,1374.28,1267.15,597.69,1051.46,635.91,283.13,1.37428,1.26715,0.59769,1.05146,0.63591,0.28313,282.5,175.5,182,207.5
"75",858,"R000","Montebello","Lombardia","Pavia",2020-05-08,239,10221.093,42.766079497908,"Friday","5","2020","Spring","False","False",1525,NA,"","",NA,NA,NA,NA,NA,NA,NA,NA,NA,NA,NA,NA,1374.28,1267.15,597.69,1051.46,635.91,283.13,1.37428,1.26715,0.59769,1.05146,0.63591,0.28313,282.5,175.5,182,207.5
"76",859,"R000","Montebello","Lombardia","Pavia",2020-05-09,296,14122.998,47.7128310810811,"Saturday","5","2020","Spring","True","False",1525,NA,"","",NA,NA,NA,NA,NA,NA,NA,NA,NA,NA,NA,NA,1374.28,1267.15,597.69,1051.46,635.91,283.13,1.37428,1.26715,0.59769,1.05146,0.63591,0.28313,282.5,175.5,182,207.5
"77",860,"R000","Montebello","Lombardia","Pavia",2020-05-10,209,9927.63,47.5006220095694,"Sunday","5","2020","Spring","True","True",1525,4.6,"True","",NA,NA,NA,NA,NA,NA,NA,NA,NA,NA,NA,NA,1374.28,1267.15,597.69,1051.46,635.91,283.13,1.37428,1.26715,0.59769,1.05146,0.63591,0.28313,282.5,175.5,182,207.5
"78",861,"R000","Montebello","Lombardia","Pavia",2020-05-11,237,9040.329,38.1448481012658,"Monday","5","2020","Spring","False","False",1525,15,"True","",NA,NA,NA,NA,NA,NA,NA,NA,NA,NA,NA,NA,1362.01,1252.79,595.32,1066.18,643.55,304.75,1.36201,1.25279,0.59532,1.06618,0.64355,0.30475,282.5,175.5,182,207.5
"79",862,"R000","Montebello","Lombardia","Pavia",2020-05-12,200,7023.645,35.118225,"Tuesday","5","2020","Spring","False","False",1525,NA,"","",NA,NA,NA,NA,NA,NA,NA,NA,NA,NA,NA,NA,1362.01,1252.79,595.32,1066.18,643.55,304.75,1.36201,1.25279,0.59532,1.06618,0.64355,0.30475,282.5,175.5,182,207.5
"80",863,"R000","Montebello","Lombardia","Pavia",2020-05-13,228,9067.194,39.7683947368421,"Wednesday","5","2020","Spring","False","False",1525,0.6,"True","",NA,NA,NA,NA,NA,NA,NA,NA,NA,NA,NA,NA,1362.01,1252.79,595.32,1066.18,643.55,304.75,1.36201,1.25279,0.59532,1.06618,0.64355,0.30475,282.5,175.5,182,207.5
"81",864,"R000","Montebello","Lombardia","Pavia",2020-05-14,241,8526.87,35.3812033195021,"Thursday","5","2020","Spring","False","False",1525,16.4,"True","",NA,NA,NA,NA,NA,NA,NA,NA,NA,NA,NA,NA,1362.01,1252.79,595.32,1066.18,643.55,304.75,1.36201,1.25279,0.59532,1.06618,0.64355,0.30475,282.5,172.5,182,205.5
"82",865,"R000","Montebello","Lombardia","Pavia",2020-05-15,290,11130.615,38.3814310344828,"Friday","5","2020","Spring","False","False",1525,7,"True","",NA,NA,NA,NA,NA,NA,NA,NA,NA,NA,NA,NA,1362.01,1252.79,595.32,1066.18,643.55,304.75,1.36201,1.25279,0.59532,1.06618,0.64355,0.30475,282.5,172.5,182,205.5
"83",866,"R000","Montebello","Lombardia","Pavia",2020-05-16,315,13325.958,42.3046285714286,"Saturday","5","2020","Spring","True","False",1525,8,"True","",NA,NA,NA,NA,NA,NA,NA,NA,NA,NA,NA,NA,1362.01,1252.79,595.32,1066.18,643.55,304.75,1.36201,1.25279,0.59532,1.06618,0.64355,0.30475,282.5,172.5,182,205.5
"84",867,"R000","Montebello","Lombardia","Pavia",2020-05-17,273,12318.075,45.1211538461538,"Sunday","5","2020","Spring","True","True",1525,3.6,"True","",NA,NA,NA,NA,NA,NA,NA,NA,NA,NA,NA,NA,1362.01,1252.79,595.32,1066.18,643.55,304.75,1.36201,1.25279,0.59532,1.06618,0.64355,0.30475,282.5,172.5,182,205.5
"85",868,"R000","Montebello","Lombardia","Pavia",2020-05-18,285,12590.37,44.1767368421053,"Monday","5","2020","Spring","False","False",1525,NA,"","",NA,NA,NA,NA,NA,NA,NA,NA,NA,NA,NA,NA,1356.75,1247.39,593.8,1069.93,671.5,312.63,1.35675,1.24739,0.5938,1.06993,0.6715,0.31263,282.5,172.5,182,205.5
"86",869,"R000","Montebello","Lombardia","Pavia",2020-05-19,311,11622.285,37.370691318328,"Tuesday","5","2020","Spring","False","False",1525,5.2,"True","",NA,NA,NA,NA,NA,NA,NA,NA,NA,NA,NA,NA,1356.75,1247.39,593.8,1069.93,671.5,312.63,1.35675,1.24739,0.5938,1.06993,0.6715,0.31263,282.5,172.5,182,205.5
"87",870,"R000","Montebello","Lombardia","Pavia",2020-05-20,297,10154.565,34.1904545454545,"Wednesday","5","2020","Spring","False","False",1525,NA,"","",NA,NA,NA,NA,NA,NA,NA,NA,NA,NA,NA,NA,1356.75,1247.39,593.8,1069.93,671.5,312.63,1.35675,1.24739,0.5938,1.06993,0.6715,0.31263,282.5,172.5,182,205.5
"88",871,"R000","Montebello","Lombardia","Pavia",2020-05-21,323,11465.82,35.4978947368421,"Thursday","5","2020","Spring","False","False",1525,NA,"","",NA,NA,NA,NA,NA,NA,NA,NA,NA,NA,NA,NA,1356.75,1247.39,593.8,1069.93,671.5,312.63,1.35675,1.24739,0.5938,1.06993,0.6715,0.31263,277.5,170.5,181,203.5
"89",872,"R000","Montebello","Lombardia","Pavia",2020-05-22,287,12660.381,44.1128257839721,"Friday","5","2020","Spring","False","False",1525,NA,"","",NA,NA,NA,NA,NA,NA,NA,NA,NA,NA,NA,NA,1356.75,1247.39,593.8,1069.93,671.5,312.63,1.35675,1.24739,0.5938,1.06993,0.6715,0.31263,277.5,170.5,181,203.5
"90",873,"R000","Montebello","Lombardia","Pavia",2020-05-23,458,18258.21,39.8650873362445,"Saturday","5","2020","Spring","True","False",1525,NA,"","",NA,NA,NA,NA,NA,NA,NA,NA,NA,NA,NA,NA,1356.75,1247.39,593.8,1069.93,671.5,312.63,1.35675,1.24739,0.5938,1.06993,0.6715,0.31263,277.5,170.5,181,203.5
"91",874,"R000","Montebello","Lombardia","Pavia",2020-05-24,457,16288.29,35.641772428884,"Sunday","5","2020","Spring","True","True",1525,NA,"","",NA,NA,NA,NA,NA,NA,NA,NA,NA,NA,NA,NA,1356.75,1247.39,593.8,1069.93,671.5,312.63,1.35675,1.24739,0.5938,1.06993,0.6715,0.31263,277.5,170.5,181,203.5
"92",875,"R000","Montebello","Lombardia","Pavia",2020-05-25,326,10542.798,32.3398711656442,"Monday","5","2020","Spring","False","False",1525,NA,"","",NA,NA,NA,NA,NA,NA,NA,NA,NA,NA,NA,NA,1366.77,1256.37,593.22,1087.89,698.55,353.44,1.36677,1.25637,0.59322,1.08789,0.69855,0.35344,277.5,170.5,181,203.5
"93",876,"R000","Montebello","Lombardia","Pavia",2020-05-26,321,10955.547,34.1294299065421,"Tuesday","5","2020","Spring","False","False",1525,NA,"","",NA,NA,NA,NA,NA,NA,NA,NA,NA,NA,NA,NA,1366.77,1256.37,593.22,1087.89,698.55,353.44,1.36677,1.25637,0.59322,1.08789,0.69855,0.35344,277.5,170.5,181,203.5
"94",877,"R000","Montebello","Lombardia","Pavia",2020-05-27,307,9488.745,30.9079641693811,"Wednesday","5","2020","Spring","False","False",1525,NA,"","",NA,NA,NA,NA,NA,NA,NA,NA,NA,NA,NA,NA,1366.77,1256.37,593.22,1087.89,698.55,353.44,1.36677,1.25637,0.59322,1.08789,0.69855,0.35344,277.5,170.5,181,203.5
"95",878,"R000","Montebello","Lombardia","Pavia",2020-05-28,329,9804.078,29.7996291793313,"Thursday","5","2020","Spring","False","False",1525,NA,"","",NA,NA,NA,NA,NA,NA,NA,NA,NA,NA,NA,NA,1366.77,1256.37,593.22,1087.89,698.55,353.44,1.36677,1.25637,0.59322,1.08789,0.69855,0.35344,276.5,168.5,180,201.5
"96",879,"R000","Montebello","Lombardia","Pavia",2020-05-29,367,13563.234,36.9570408719346,"Friday","5","2020","Spring","False","False",1525,NA,"","",NA,NA,NA,NA,NA,NA,NA,NA,NA,NA,NA,NA,1366.77,1256.37,593.22,1087.89,698.55,353.44,1.36677,1.25637,0.59322,1.08789,0.69855,0.35344,276.5,168.5,180,201.5
"97",880,"R000","Montebello","Lombardia","Pavia",2020-05-30,497,18142.245,36.5035110663984,"Saturday","5","2020","Spring","True","False",1525,NA,"","",NA,NA,NA,NA,NA,NA,NA,NA,NA,NA,NA,NA,1366.77,1256.37,593.22,1087.89,698.55,353.44,1.36677,1.25637,0.59322,1.08789,0.69855,0.35344,276.5,168.5,180,201.5
"98",881,"R000","Montebello","Lombardia","Pavia",2020-05-31,490,16845.489,34.3785489795918,"Sunday","5","2020","Spring","True","True",1525,3.6,"True","",NA,NA,NA,NA,NA,NA,NA,NA,NA,NA,NA,NA,1366.77,1256.37,593.22,1087.89,698.55,353.44,1.36677,1.25637,0.59322,1.08789,0.69855,0.35344,276.5,168.5,180,201.5
"99",882,"R000","Montebello","Lombardia","Pavia",2020-06-01,420,14438.709,34.3778785714286,"Monday","6","2020","Spring","False","False",1525,NA,"","",NA,NA,NA,NA,NA,NA,NA,NA,NA,NA,NA,NA,1371.48,1260.85,592.93,1089.68,698,350,1.37148,1.26085,0.59293,1.08968,0.698,0.35,276.5,168.5,180,201.5
"100",883,"R000","Montebello","Lombardia","Pavia",2020-06-02,376,13161.474,35.003920212766,"Tuesday","6","2020","Spring","False","True",1525,1.2,"True","",NA,NA,NA,NA,NA,NA,NA,NA,NA,NA,NA,NA,1371.48,1260.85,592.93,1089.68,698,350,1.37148,1.26085,0.59293,1.08968,0.698,0.35,276.5,168.5,180,201.5
"101",884,"R000","Montebello","Lombardia","Pavia",2020-06-03,357,11881.134,33.280487394958,"Wednesday","6","2020","Spring","False","False",1525,NA,"","",NA,NA,NA,NA,NA,NA,NA,NA,NA,NA,NA,NA,1371.48,1260.85,592.93,1089.68,698,350,1.37148,1.26085,0.59293,1.08968,0.698,0.35,276.5,168.5,180,201.5
"102",885,"R000","Montebello","Lombardia","Pavia",2020-06-04,371,12032.226,32.4318760107817,"Thursday","6","2020","Spring","False","False",1525,8,"True","",NA,NA,NA,NA,NA,NA,NA,NA,NA,NA,NA,NA,1371.48,1260.85,592.93,1089.68,698,350,1.37148,1.26085,0.59293,1.08968,0.698,0.35,276.5,168.5,180,200.5
"103",886,"R000","Montebello","Lombardia","Pavia",2020-06-05,384,11463.876,29.85384375,"Friday","6","2020","Spring","False","False",1525,0.2,"True","",NA,NA,NA,NA,NA,NA,NA,NA,NA,NA,NA,NA,1371.48,1260.85,592.93,1089.68,698,350,1.37148,1.26085,0.59293,1.08968,0.698,0.35,276.5,168.5,180,200.5
"104",887,"R000","Montebello","Lombardia","Pavia",2020-06-06,568,18555.966,32.6689542253521,"Saturday","6","2020","Spring","True","False",1525,NA,"","",NA,NA,NA,NA,NA,NA,NA,NA,NA,NA,NA,NA,1371.48,1260.85,592.93,1089.68,698,350,1.37148,1.26085,0.59293,1.08968,0.698,0.35,276.5,168.5,180,200.5
"105",888,"R000","Montebello","Lombardia","Pavia",2020-06-07,571,21364.155,37.4153327495622,"Sunday","6","2020","Spring","True","True",1525,NA,"","",NA,NA,NA,NA,NA,NA,NA,NA,NA,NA,NA,NA,1371.48,1260.85,592.93,1089.68,698,350,1.37148,1.26085,0.59293,1.08968,0.698,0.35,276.5,168.5,180,200.5
"106",889,"R000","Montebello","Lombardia","Pavia",2020-06-08,376,12741.84,33.8878723404255,"Monday","6","2020","Spring","False","False",1525,14,"True","",NA,NA,NA,NA,NA,NA,NA,NA,NA,NA,NA,NA,1371.01,1260.4,593.2,1102.43,710.45,366.22,1.37101,1.2604,0.5932,1.10243,0.71045,0.36622,276.5,168.5,180,200.5
"107",890,"R000","Montebello","Lombardia","Pavia",2020-06-09,355,12331.359,34.7362225352113,"Tuesday","6","2020","Spring","False","False",1525,1.2,"True","",NA,NA,NA,NA,NA,NA,NA,NA,NA,NA,NA,NA,1371.01,1260.4,593.2,1102.43,710.45,366.22,1.37101,1.2604,0.5932,1.10243,0.71045,0.36622,276.5,168.5,180,200.5
"108",891,"R000","Montebello","Lombardia","Pavia",2020-06-10,384,11906.001,31.0052109375,"Wednesday","6","2020","Spring","False","False",1525,NA,"","",NA,NA,NA,NA,NA,NA,NA,NA,NA,NA,NA,NA,1371.01,1260.4,593.2,1102.43,710.45,366.22,1.37101,1.2604,0.5932,1.10243,0.71045,0.36622,276.5,168.5,180,200.5
"109",892,"R000","Montebello","Lombardia","Pavia",2020-06-11,427,14584.239,34.1551264637002,"Thursday","6","2020","Spring","False","False",1525,3,"True","",NA,NA,NA,NA,NA,NA,NA,NA,NA,NA,NA,NA,1371.01,1260.4,593.2,1102.43,710.45,366.22,1.37101,1.2604,0.5932,1.10243,0.71045,0.36622,276.5,NA,180,198.5
"110",893,"R000","Montebello","Lombardia","Pavia",2020-06-12,430,14392.647,33.4712720930233,"Friday","6","2020","Spring","False","False",1525,NA,"","",NA,NA,NA,NA,NA,NA,NA,NA,NA,NA,NA,NA,1371.01,1260.4,593.2,1102.43,710.45,366.22,1.37101,1.2604,0.5932,1.10243,0.71045,0.36622,276.5,NA,180,198.5
"111",894,"R000","Montebello","Lombardia","Pavia",2020-06-13,525,17951.76,34.1938285714286,"Saturday","6","2020","Spring","True","False",1525,7,"True","",NA,NA,NA,NA,NA,NA,NA,NA,NA,NA,NA,NA,1371.01,1260.4,593.2,1102.43,710.45,366.22,1.37101,1.2604,0.5932,1.10243,0.71045,0.36622,276.5,NA,180,198.5
"112",895,"R000","Montebello","Lombardia","Pavia",2020-06-14,477,17148.807,35.9513773584906,"Sunday","6","2020","Spring","True","True",1525,0.8,"True","",NA,NA,NA,NA,NA,NA,NA,NA,NA,NA,NA,NA,1371.01,1260.4,593.2,1102.43,710.45,366.22,1.37101,1.2604,0.5932,1.10243,0.71045,0.36622,276.5,NA,180,198.5
"113",896,"R000","Montebello","Lombardia","Pavia",2020-06-15,364,11547.117,31.7228489010989,"Monday","6","2020","Spring","False","False",1525,NA,"","",NA,NA,NA,NA,NA,NA,NA,NA,NA,NA,NA,NA,1377.77,1266.49,593.45,1092.79,706.27,367,1.37777,1.26649,0.59345,1.09279,0.70627,0.367,276.5,NA,180,198.5
"114",897,"R000","Montebello","Lombardia","Pavia",2020-06-16,350,10750.05,30.7144285714286,"Tuesday","6","2020","Spring","False","False",1525,18.8,"True","",NA,NA,NA,NA,NA,NA,NA,NA,NA,NA,NA,NA,1377.77,1266.49,593.45,1092.79,706.27,367,1.37777,1.26649,0.59345,1.09279,0.70627,0.367,276.5,NA,180,198.5
"115",898,"R000","Montebello","Lombardia","Pavia",2020-06-17,374,12179.16,32.5645989304813,"Wednesday","6","2020","Spring","False","False",1525,7.2,"True","",NA,NA,NA,NA,NA,NA,NA,NA,NA,NA,NA,NA,1377.77,1266.49,593.45,1092.79,706.27,367,1.37777,1.26649,0.59345,1.09279,0.70627,0.367,276.5,NA,180,198.5
"116",899,"R000","Montebello","Lombardia","Pavia",2020-06-18,371,12185.262,32.844371967655,"Thursday","6","2020","Spring","False","False",1525,NA,"","",NA,NA,NA,NA,NA,NA,NA,NA,NA,NA,NA,NA,1377.77,1266.49,593.45,1092.79,706.27,367,1.37777,1.26649,0.59345,1.09279,0.70627,0.367,276.5,NA,181,NA
"117",900,"R000","Montebello","Lombardia","Pavia",2020-06-19,424,13438.575,31.6947523584906,"Friday","6","2020","Spring","False","False",1525,NA,"","",NA,NA,NA,NA,NA,NA,NA,NA,NA,NA,NA,NA,1377.77,1266.49,593.45,1092.79,706.27,367,1.37777,1.26649,0.59345,1.09279,0.70627,0.367,276.5,NA,181,NA
"118",901,"R000","Montebello","Lombardia","Pavia",2020-06-20,485,16889.85,34.8244329896907,"Saturday","6","2020","Spring","True","False",1525,NA,"","",NA,NA,NA,NA,NA,NA,NA,NA,NA,NA,NA,NA,1377.77,1266.49,593.45,1092.79,706.27,367,1.37777,1.26649,0.59345,1.09279,0.70627,0.367,276.5,NA,181,NA
"119",902,"R000","Montebello","Lombardia","Pavia",2020-06-21,467,15460.47,33.1059314775161,"Sunday","6","2020","Summer","True","True",1525,NA,"","",NA,NA,NA,NA,NA,NA,NA,NA,NA,NA,NA,NA,1377.77,1266.49,593.45,1092.79,706.27,367,1.37777,1.26649,0.59345,1.09279,0.70627,0.367,276.5,NA,181,NA
"120",903,"R000","Montebello","Lombardia","Pavia",2020-06-22,296,8243.505,27.8496790540541,"Monday","6","2020","Summer","False","False",1525,NA,"","",NA,NA,NA,NA,NA,NA,NA,NA,NA,NA,NA,NA,1385.38,1273.05,593.54,1110.29,714.36,377.78,1.38538,1.27305,0.59354,1.11029,0.71436,0.37778,276.5,NA,181,NA
"121",904,"R000","Montebello","Lombardia","Pavia",2020-06-23,347,10360.278,29.8567089337176,"Tuesday","6","2020","Summer","False","False",1525,NA,"","",NA,NA,NA,NA,NA,NA,NA,NA,NA,NA,NA,NA,1385.38,1273.05,593.54,1110.29,714.36,377.78,1.38538,1.27305,0.59354,1.11029,0.71436,0.37778,276.5,NA,181,NA
"122",905,"R000","Montebello","Lombardia","Pavia",2020-06-24,383,11300.31,29.504725848564,"Wednesday","6","2020","Summer","False","False",1525,NA,"","",NA,NA,NA,NA,NA,NA,NA,NA,NA,NA,NA,NA,1385.38,1273.05,593.54,1110.29,714.36,377.78,1.38538,1.27305,0.59354,1.11029,0.71436,0.37778,276.5,NA,181,NA
"123",906,"R000","Montebello","Lombardia","Pavia",2020-06-25,412,12037.734,29.2178009708738,"Thursday","6","2020","Summer","False","False",1525,NA,"","",NA,NA,NA,NA,NA,NA,NA,NA,NA,NA,NA,NA,1385.38,1273.05,593.54,1110.29,714.36,377.78,1.38538,1.27305,0.59354,1.11029,0.71436,0.37778,276.5,NA,183,NA
"124",907,"R000","Montebello","Lombardia","Pavia",2020-06-26,422,13933.215,33.0170971563981,"Friday","6","2020","Summer","False","False",1525,NA,"","",NA,NA,NA,NA,NA,NA,NA,NA,NA,NA,NA,NA,1385.38,1273.05,593.54,1110.29,714.36,377.78,1.38538,1.27305,0.59354,1.11029,0.71436,0.37778,276.5,NA,183,NA
"125",908,"R000","Montebello","Lombardia","Pavia",2020-06-27,501,15484.743,30.9076706586826,"Saturday","6","2020","Summer","True","False",1525,NA,"","",NA,NA,NA,NA,NA,NA,NA,NA,NA,NA,NA,NA,1385.38,1273.05,593.54,1110.29,714.36,377.78,1.38538,1.27305,0.59354,1.11029,0.71436,0.37778,276.5,NA,183,NA
"126",909,"R000","Montebello","Lombardia","Pavia",2020-06-28,518,18185.31,35.1067760617761,"Sunday","6","2020","Summer","True","True",1525,NA,"","",NA,NA,NA,NA,NA,NA,NA,NA,NA,NA,NA,NA,1385.38,1273.05,593.54,1110.29,714.36,377.78,1.38538,1.27305,0.59354,1.11029,0.71436,0.37778,276.5,NA,183,NA
"127",910,"R000","Montebello","Lombardia","Pavia",2020-06-29,379,10379.583,27.3867625329815,"Monday","6","2020","Summer","False","False",1525,NA,"","",NA,NA,NA,NA,NA,NA,NA,NA,NA,NA,NA,NA,1399.18,1285.53,594.31,1112.39,711.18,375.67,1.39918,1.28553,0.59431,1.11239,0.71118,0.37567,276.5,NA,183,NA
"128",911,"R000","Montebello","Lombardia","Pavia",2020-06-30,373,11162.718,29.9268579088472,"Tuesday","6","2020","Summer","False","False",1525,NA,"","",NA,NA,NA,NA,NA,NA,NA,NA,NA,NA,NA,NA,1399.18,1285.53,594.31,1112.39,711.18,375.67,1.39918,1.28553,0.59431,1.11239,0.71118,0.37567,276.5,NA,183,NA
"129",912,"R000","Montebello","Lombardia","Pavia",2020-07-01,398,11994.345,30.1365452261307,"Wednesday","7","2020","Summer","False","False",1525,1.4,"True","",NA,NA,NA,NA,NA,NA,NA,NA,NA,NA,NA,NA,1399.18,1285.53,594.31,1112.39,711.18,375.67,1.39918,1.28553,0.59431,1.11239,0.71118,0.37567,276.5,NA,183,NA
"130",913,"R000","Montebello","Lombardia","Pavia",2020-07-02,397,11491.146,28.9449521410579,"Thursday","7","2020","Summer","False","False",1525,0.8,"True","",NA,NA,NA,NA,NA,NA,NA,NA,NA,NA,NA,NA,1399.18,1285.53,594.31,1112.39,711.18,375.67,1.39918,1.28553,0.59431,1.11239,0.71118,0.37567,NA,159.5,184,NA
"131",914,"R000","Montebello","Lombardia","Pavia",2020-07-03,434,12814.2,29.5258064516129,"Friday","7","2020","Summer","False","False",1525,18.6,"True","",NA,NA,NA,NA,NA,NA,NA,NA,NA,NA,NA,NA,1399.18,1285.53,594.31,1112.39,711.18,375.67,1.39918,1.28553,0.59431,1.11239,0.71118,0.37567,NA,159.5,184,NA
"132",915,"R000","Montebello","Lombardia","Pavia",2020-07-04,525,17316.639,32.9840742857143,"Saturday","7","2020","Summer","True","False",1525,0.2,"True","",NA,NA,NA,NA,NA,NA,NA,NA,NA,NA,NA,NA,1399.18,1285.53,594.31,1112.39,711.18,375.67,1.39918,1.28553,0.59431,1.11239,0.71118,0.37567,NA,159.5,184,NA
"133",916,"R000","Montebello","Lombardia","Pavia",2020-07-05,465,15384.303,33.0845225806452,"Sunday","7","2020","Summer","True","True",1525,NA,"","",NA,NA,NA,NA,NA,NA,NA,NA,NA,NA,NA,NA,1399.18,1285.53,594.31,1112.39,711.18,375.67,1.39918,1.28553,0.59431,1.11239,0.71118,0.37567,NA,159.5,184,NA
"134",917,"R000","Montebello","Lombardia","Pavia",2020-07-06,413,11788.524,28.5436416464891,"Monday","7","2020","Summer","False","False",1525,NA,"","",NA,NA,NA,NA,NA,NA,NA,NA,NA,NA,NA,NA,1400.83,1287.79,593.79,1125.14,716.18,385,1.40083,1.28779,0.59379,1.12514,0.71618,0.385,NA,159.5,184,NA
"135",918,"R000","Montebello","Lombardia","Pavia",2020-07-07,379,10650.15,28.1006596306069,"Tuesday","7","2020","Summer","False","False",1525,NA,"","",NA,NA,NA,NA,NA,NA,NA,NA,NA,NA,NA,NA,1400.83,1287.79,593.79,1125.14,716.18,385,1.40083,1.28779,0.59379,1.12514,0.71618,0.385,NA,159.5,184,NA
"136",919,"R000","Montebello","Lombardia","Pavia",2020-07-08,387,10581.165,27.341511627907,"Wednesday","7","2020","Summer","False","False",1525,NA,"","",NA,NA,NA,NA,NA,NA,NA,NA,NA,NA,NA,NA,1400.83,1287.79,593.79,1125.14,716.18,385,1.40083,1.28779,0.59379,1.12514,0.71618,0.385,NA,159.5,184,NA
"137",920,"R000","Montebello","Lombardia","Pavia",2020-07-09,338,10064.466,29.7765266272189,"Thursday","7","2020","Summer","False","False",1525,NA,"","",NA,NA,NA,NA,NA,NA,NA,NA,NA,NA,NA,NA,1400.83,1287.79,593.79,1125.14,716.18,385,1.40083,1.28779,0.59379,1.12514,0.71618,0.385,305.5,159.5,185,184.5
"138",921,"R000","Montebello","Lombardia","Pavia",2020-07-10,426,12939.372,30.3741126760563,"Friday","7","2020","Summer","False","False",1525,NA,"","",NA,NA,NA,NA,NA,NA,NA,NA,NA,NA,NA,NA,1400.83,1287.79,593.79,1125.14,716.18,385,1.40083,1.28779,0.59379,1.12514,0.71618,0.385,305.5,159.5,185,184.5
"139",922,"R000","Montebello","Lombardia","Pavia",2020-07-11,565,17149.374,30.3528743362832,"Saturday","7","2020","Summer","True","False",1525,NA,"","",NA,NA,NA,NA,NA,NA,NA,NA,NA,NA,NA,NA,1400.83,1287.79,593.79,1125.14,716.18,385,1.40083,1.28779,0.59379,1.12514,0.71618,0.385,305.5,159.5,185,184.5
"140",923,"R000","Montebello","Lombardia","Pavia",2020-07-12,554,18152.91,32.7669855595668,"Sunday","7","2020","Summer","True","True",1525,NA,"","",NA,NA,NA,NA,NA,NA,NA,NA,NA,NA,NA,NA,1400.83,1287.79,593.79,1125.14,716.18,385,1.40083,1.28779,0.59379,1.12514,0.71618,0.385,305.5,159.5,185,184.5
"141",924,"R000","Montebello","Lombardia","Pavia",2020-07-13,386,10470.168,27.1247875647668,"Monday","7","2020","Summer","False","False",1525,NA,"","",NA,NA,NA,NA,NA,NA,NA,NA,NA,NA,NA,NA,1403.8,1290.32,594.2,1125.89,715.91,385.56,1.4038,1.29032,0.5942,1.12589,0.71591,0.38556,305.5,159.5,185,184.5
"142",925,"R000","Montebello","Lombardia","Pavia",2020-07-14,392,10898.172,27.8014591836735,"Tuesday","7","2020","Summer","False","False",1525,NA,"","",NA,NA,NA,NA,NA,NA,NA,NA,NA,NA,NA,NA,1403.8,1290.32,594.2,1125.89,715.91,385.56,1.4038,1.29032,0.5942,1.12589,0.71591,0.38556,305.5,159.5,185,184.5
"143",926,"R000","Montebello","Lombardia","Pavia",2020-07-15,422,12556.053,29.7536800947867,"Wednesday","7","2020","Summer","False","False",1525,NA,"","",NA,NA,NA,NA,NA,NA,NA,NA,NA,NA,NA,NA,1403.8,1290.32,594.2,1125.89,715.91,385.56,1.4038,1.29032,0.5942,1.12589,0.71591,0.38556,305.5,159.5,185,184.5
"144",927,"R000","Montebello","Lombardia","Pavia",2020-07-16,427,12127.185,28.4009016393443,"Thursday","7","2020","Summer","False","False",1525,NA,"","",NA,NA,NA,NA,NA,NA,NA,NA,NA,NA,NA,NA,1403.8,1290.32,594.2,1125.89,715.91,385.56,1.4038,1.29032,0.5942,1.12589,0.71591,0.38556,297.5,159.5,187,184.5
"145",928,"R000","Montebello","Lombardia","Pavia",2020-07-17,432,12659.895,29.3053125,"Friday","7","2020","Summer","False","False",1525,NA,"","",NA,NA,NA,NA,NA,NA,NA,NA,NA,NA,NA,NA,1403.8,1290.32,594.2,1125.89,715.91,385.56,1.4038,1.29032,0.5942,1.12589,0.71591,0.38556,297.5,159.5,187,184.5
"146",929,"R000","Montebello","Lombardia","Pavia",2020-07-18,576,18136.845,31.487578125,"Saturday","7","2020","Summer","True","False",1525,NA,"","",NA,NA,NA,NA,NA,NA,NA,NA,NA,NA,NA,NA,1403.8,1290.32,594.2,1125.89,715.91,385.56,1.4038,1.29032,0.5942,1.12589,0.71591,0.38556,297.5,159.5,187,184.5
"147",930,"R000","Montebello","Lombardia","Pavia",2020-07-19,511,17133.66,33.5296673189824,"Sunday","7","2020","Summer","True","True",1525,NA,"","",NA,NA,NA,NA,NA,NA,NA,NA,NA,NA,NA,NA,1403.8,1290.32,594.2,1125.89,715.91,385.56,1.4038,1.29032,0.5942,1.12589,0.71591,0.38556,297.5,159.5,187,184.5
"148",931,"R000","Montebello","Lombardia","Pavia",2020-07-20,355,10233.27,28.8261126760563,"Monday","7","2020","Summer","False","False",1525,NA,"","",NA,NA,NA,NA,NA,NA,NA,NA,NA,NA,NA,NA,1404.6,1290.83,594.31,1127.46,704.55,365.22,1.4046,1.29083,0.59431,1.12746,0.70455,0.36522,297.5,159.5,187,184.5
"149",932,"R000","Montebello","Lombardia","Pavia",2020-07-21,393,10502.109,26.7229236641221,"Tuesday","7","2020","Summer","False","False",1525,NA,"","",NA,NA,NA,NA,NA,NA,NA,NA,NA,NA,NA,NA,1404.6,1290.83,594.31,1127.46,704.55,365.22,1.4046,1.29083,0.59431,1.12746,0.70455,0.36522,297.5,159.5,187,184.5
"150",933,"R000","Montebello","Lombardia","Pavia",2020-07-22,422,11549.952,27.3695545023697,"Wednesday","7","2020","Summer","False","False",1525,0.6,"True","",NA,NA,NA,NA,NA,NA,NA,NA,NA,NA,NA,NA,1404.6,1290.83,594.31,1127.46,704.55,365.22,1.4046,1.29083,0.59431,1.12746,0.70455,0.36522,297.5,159.5,187,184.5
"151",934,"R000","Montebello","Lombardia","Pavia",2020-07-23,400,10886.724,27.21681,"Thursday","7","2020","Summer","False","False",1525,NA,"","",NA,NA,NA,NA,NA,NA,NA,NA,NA,NA,NA,NA,1404.6,1290.83,594.31,1127.46,704.55,365.22,1.4046,1.29083,0.59431,1.12746,0.70455,0.36522,292.5,159.5,189,186.5
"152",935,"R000","Montebello","Lombardia","Pavia",2020-07-24,450,14269.905,31.7109,"Friday","7","2020","Summer","False","False",1525,6.2,"True","",NA,NA,NA,NA,NA,NA,NA,NA,NA,NA,NA,NA,1404.6,1290.83,594.31,1127.46,704.55,365.22,1.4046,1.29083,0.59431,1.12746,0.70455,0.36522,292.5,159.5,189,186.5
"153",936,"R000","Montebello","Lombardia","Pavia",2020-07-25,579,18178.533,31.3964300518135,"Saturday","7","2020","Summer","True","False",1525,NA,"","",NA,NA,NA,NA,NA,NA,NA,NA,NA,NA,NA,NA,1404.6,1290.83,594.31,1127.46,704.55,365.22,1.4046,1.29083,0.59431,1.12746,0.70455,0.36522,292.5,159.5,189,186.5
"154",937,"R000","Montebello","Lombardia","Pavia",2020-07-26,505,17092.998,33.8475207920792,"Sunday","7","2020","Summer","True","True",1525,NA,"","",NA,NA,NA,NA,NA,NA,NA,NA,NA,NA,NA,NA,1404.6,1290.83,594.31,1127.46,704.55,365.22,1.4046,1.29083,0.59431,1.12746,0.70455,0.36522,292.5,159.5,189,186.5
"155",938,"R000","Montebello","Lombardia","Pavia",2020-07-27,389,10525.113,27.0568457583548,"Monday","7","2020","Summer","False","False",1525,NA,"","",NA,NA,NA,NA,NA,NA,NA,NA,NA,NA,NA,NA,1403.56,1289.74,594.39,1127.54,703.09,364.33,1.40356,1.28974,0.59439,1.12754,0.70309,0.36433,292.5,159.5,189,186.5
"156",939,"R000","Montebello","Lombardia","Pavia",2020-07-28,332,8905.68,26.8243373493976,"Tuesday","7","2020","Summer","False","False",1525,0.2,"True","",NA,NA,NA,NA,NA,NA,NA,NA,NA,NA,NA,NA,1403.56,1289.74,594.39,1127.54,703.09,364.33,1.40356,1.28974,0.59439,1.12754,0.70309,0.36433,292.5,159.5,189,186.5
"157",940,"R000","Montebello","Lombardia","Pavia",2020-07-29,394,11462.175,29.0918147208122,"Wednesday","7","2020","Summer","False","False",1525,NA,"","",NA,NA,NA,NA,NA,NA,NA,NA,NA,NA,NA,NA,1403.56,1289.74,594.39,1127.54,703.09,364.33,1.40356,1.28974,0.59439,1.12754,0.70309,0.36433,292.5,159.5,189,186.5
"158",941,"R000","Montebello","Lombardia","Pavia",2020-07-30,369,9670.104,26.206243902439,"Thursday","7","2020","Summer","False","False",1525,NA,"","",NA,NA,NA,NA,NA,NA,NA,NA,NA,NA,NA,NA,1403.56,1289.74,594.39,1127.54,703.09,364.33,1.40356,1.28974,0.59439,1.12754,0.70309,0.36433,287.5,159.5,189,187.5
"159",942,"R000","Montebello","Lombardia","Pavia",2020-07-31,444,12999.663,29.2785202702703,"Friday","7","2020","Summer","False","False",1525,NA,"","",NA,NA,NA,NA,NA,NA,NA,NA,NA,NA,NA,NA,1403.56,1289.74,594.39,1127.54,703.09,364.33,1.40356,1.28974,0.59439,1.12754,0.70309,0.36433,287.5,159.5,189,187.5
"160",943,"R000","Montebello","Lombardia","Pavia",2020-08-01,518,16052.715,30.9897972972973,"Saturday","8","2020","Summer","True","False",1525,12.6,"True","",NA,NA,NA,NA,NA,NA,NA,NA,NA,NA,NA,NA,1403.56,1289.74,594.39,1127.54,703.09,364.33,1.40356,1.28974,0.59439,1.12754,0.70309,0.36433,287.5,159.5,189,187.5
"161",944,"R000","Montebello","Lombardia","Pavia",2020-08-02,629,19506.366,31.0117106518283,"Sunday","8","2020","Summer","True","True",1525,19.2,"True","",NA,NA,NA,NA,NA,NA,NA,NA,NA,NA,NA,NA,1403.56,1289.74,594.39,1127.54,703.09,364.33,1.40356,1.28974,0.59439,1.12754,0.70309,0.36433,287.5,159.5,189,187.5
"162",945,"R000","Montebello","Lombardia","Pavia",2020-08-03,504,13847.895,27.4759821428571,"Monday","8","2020","Summer","False","False",1525,4.2,"True","",NA,NA,NA,NA,NA,NA,NA,NA,NA,NA,NA,NA,1401.66,1288.34,594.37,1118.29,697.45,358.33,1.40166,1.28834,0.59437,1.11829,0.69745,0.35833,287.5,159.5,189,187.5
"163",946,"R000","Montebello","Lombardia","Pavia",2020-08-04,493,13382.415,27.1448580121704,"Tuesday","8","2020","Summer","False","False",1525,0.4,"True","",NA,NA,NA,NA,NA,NA,NA,NA,NA,NA,NA,NA,1401.66,1288.34,594.37,1118.29,697.45,358.33,1.40166,1.28834,0.59437,1.11829,0.69745,0.35833,287.5,159.5,189,187.5
"164",947,"R000","Montebello","Lombardia","Pavia",2020-08-05,415,11493.9,27.6961445783133,"Wednesday","8","2020","Summer","False","False",1525,NA,"","",NA,NA,NA,NA,NA,NA,NA,NA,NA,NA,NA,NA,1401.66,1288.34,594.37,1118.29,697.45,358.33,1.40166,1.28834,0.59437,1.11829,0.69745,0.35833,287.5,159.5,189,187.5
"165",948,"R000","Montebello","Lombardia","Pavia",2020-08-06,416,11719.755,28.1724879807692,"Thursday","8","2020","Summer","False","False",1525,NA,"","",NA,NA,NA,NA,NA,NA,NA,NA,NA,NA,NA,NA,1401.66,1288.34,594.37,1118.29,697.45,358.33,1.40166,1.28834,0.59437,1.11829,0.69745,0.35833,285.5,161.5,189,187.5
"166",949,"R000","Montebello","Lombardia","Pavia",2020-08-07,441,12633.354,28.6470612244898,"Friday","8","2020","Summer","False","False",1525,NA,"","",NA,NA,NA,NA,NA,NA,NA,NA,NA,NA,NA,NA,1401.66,1288.34,594.37,1118.29,697.45,358.33,1.40166,1.28834,0.59437,1.11829,0.69745,0.35833,285.5,161.5,189,187.5
"167",950,"R000","Montebello","Lombardia","Pavia",2020-08-08,547,17289.477,31.6078190127971,"Saturday","8","2020","Summer","True","False",1525,NA,"","",NA,NA,NA,NA,NA,NA,NA,NA,NA,NA,NA,NA,1401.66,1288.34,594.37,1118.29,697.45,358.33,1.40166,1.28834,0.59437,1.11829,0.69745,0.35833,285.5,161.5,189,187.5
"168",951,"R000","Montebello","Lombardia","Pavia",2020-08-09,507,15957.81,31.4749704142012,"Sunday","8","2020","Summer","True","True",1525,NA,"","",NA,NA,NA,NA,NA,NA,NA,NA,NA,NA,NA,NA,1401.66,1288.34,594.37,1118.29,697.45,358.33,1.40166,1.28834,0.59437,1.11829,0.69745,0.35833,285.5,161.5,189,187.5
"169",952,"R000","Montebello","Lombardia","Pavia",2020-08-10,409,12337.92,30.1660635696822,"Monday","8","2020","Summer","False","False",1525,NA,"","",NA,NA,NA,NA,NA,NA,NA,NA,NA,NA,NA,NA,1397.66,1284.32,593.96,1120.75,695.73,362.89,1.39766,1.28432,0.59396,1.12075,0.69573,0.36289,285.5,161.5,189,187.5
"170",953,"R000","Montebello","Lombardia","Pavia",2020-08-11,397,11974.932,30.163556675063,"Tuesday","8","2020","Summer","False","False",1525,NA,"","",NA,NA,NA,NA,NA,NA,NA,NA,NA,NA,NA,NA,1397.66,1284.32,593.96,1120.75,695.73,362.89,1.39766,1.28432,0.59396,1.12075,0.69573,0.36289,285.5,161.5,189,187.5
"171",954,"R000","Montebello","Lombardia","Pavia",2020-08-12,416,11894.337,28.59215625,"Wednesday","8","2020","Summer","False","False",1525,9.6,"True","",NA,NA,NA,NA,NA,NA,NA,NA,NA,NA,NA,NA,1397.66,1284.32,593.96,1120.75,695.73,362.89,1.39766,1.28432,0.59396,1.12075,0.69573,0.36289,285.5,161.5,189,187.5
"172",955,"R000","Montebello","Lombardia","Pavia",2020-08-13,442,11102.4,25.1185520361991,"Thursday","8","2020","Summer","False","False",1525,0.2,"True","",NA,NA,NA,NA,NA,NA,NA,NA,NA,NA,NA,NA,1397.66,1284.32,593.96,1120.75,695.73,362.89,1.39766,1.28432,0.59396,1.12075,0.69573,0.36289,285.5,161.5,189,189.5
"173",956,"R000","Montebello","Lombardia","Pavia",2020-08-14,477,14384.358,30.1558867924528,"Friday","8","2020","Summer","False","False",1525,NA,"","",NA,NA,NA,NA,NA,NA,NA,NA,NA,NA,NA,NA,1397.66,1284.32,593.96,1120.75,695.73,362.89,1.39766,1.28432,0.59396,1.12075,0.69573,0.36289,285.5,161.5,189,189.5
"174",957,"R000","Montebello","Lombardia","Pavia",2020-08-15,188,6078.24,32.3310638297872,"Saturday","8","2020","Summer","True","True",1525,NA,"","",NA,NA,NA,NA,NA,NA,NA,NA,NA,NA,NA,NA,1397.66,1284.32,593.96,1120.75,695.73,362.89,1.39766,1.28432,0.59396,1.12075,0.69573,0.36289,285.5,161.5,189,189.5
"175",958,"R000","Montebello","Lombardia","Pavia",2020-08-16,528,16804.53,31.8267613636364,"Sunday","8","2020","Summer","True","True",1525,NA,"","",NA,NA,NA,NA,NA,NA,NA,NA,NA,NA,NA,NA,1397.66,1284.32,593.96,1120.75,695.73,362.89,1.39766,1.28432,0.59396,1.12075,0.69573,0.36289,285.5,161.5,189,189.5
"176",959,"R000","Montebello","Lombardia","Pavia",2020-08-17,427,13536.342,31.7010351288056,"Monday","8","2020","Summer","False","False",1525,NA,"","",NA,NA,NA,NA,NA,NA,NA,NA,NA,NA,NA,NA,1398.23,1284.55,594.28,1119.71,696.82,363.78,1.39823,1.28455,0.59428,1.11971,0.69682,0.36378,285.5,161.5,189,189.5
"177",960,"R000","Montebello","Lombardia","Pavia",2020-08-18,427,12720.429,29.7902318501171,"Tuesday","8","2020","Summer","False","False",1525,NA,"","",NA,NA,NA,NA,NA,NA,NA,NA,NA,NA,NA,NA,1398.23,1284.55,594.28,1119.71,696.82,363.78,1.39823,1.28455,0.59428,1.11971,0.69682,0.36378,285.5,161.5,189,189.5
"178",961,"R000","Montebello","Lombardia","Pavia",2020-08-19,422,12281.328,29.102672985782,"Wednesday","8","2020","Summer","False","False",1525,NA,"","",NA,NA,NA,NA,NA,NA,NA,NA,NA,NA,NA,NA,1398.23,1284.55,594.28,1119.71,696.82,363.78,1.39823,1.28455,0.59428,1.11971,0.69682,0.36378,285.5,161.5,189,189.5
"179",962,"R000","Montebello","Lombardia","Pavia",2020-08-20,420,12642.156,30.1003714285714,"Thursday","8","2020","Summer","False","False",1525,NA,"","",NA,NA,NA,NA,NA,NA,NA,NA,NA,NA,NA,NA,1398.23,1284.55,594.28,1119.71,696.82,363.78,1.39823,1.28455,0.59428,1.11971,0.69682,0.36378,285.5,161.5,189,189.5
"180",963,"R000","Montebello","Lombardia","Pavia",2020-08-21,409,11639.268,28.4578679706601,"Friday","8","2020","Summer","False","False",1525,NA,"","",NA,NA,NA,NA,NA,NA,NA,NA,NA,NA,NA,NA,1398.23,1284.55,594.28,1119.71,696.82,363.78,1.39823,1.28455,0.59428,1.11971,0.69682,0.36378,285.5,161.5,189,189.5
"181",964,"R000","Montebello","Lombardia","Pavia",2020-08-22,557,17037.675,30.5882854578097,"Saturday","8","2020","Summer","True","False",1525,NA,"","",NA,NA,NA,NA,NA,NA,NA,NA,NA,NA,NA,NA,1398.23,1284.55,594.28,1119.71,696.82,363.78,1.39823,1.28455,0.59428,1.11971,0.69682,0.36378,285.5,161.5,189,189.5
"182",965,"R000","Montebello","Lombardia","Pavia",2020-08-23,530,16083.63,30.3464716981132,"Sunday","8","2020","Summer","True","True",1525,NA,"","",NA,NA,NA,NA,NA,NA,NA,NA,NA,NA,NA,NA,1398.23,1284.55,594.28,1119.71,696.82,363.78,1.39823,1.28455,0.59428,1.11971,0.69682,0.36378,285.5,161.5,189,189.5
"183",966,"R000","Montebello","Lombardia","Pavia",2020-08-24,436,12601.71,28.903004587156,"Monday","8","2020","Summer","False","False",1525,NA,"","",NA,NA,NA,NA,NA,NA,NA,NA,NA,NA,NA,NA,1399.68,1285.56,595.86,1115.79,695.09,361.89,1.39968,1.28556,0.59586,1.11579,0.69509,0.36189,285.5,161.5,189,189.5
"184",967,"R000","Montebello","Lombardia","Pavia",2020-08-25,415,11257.272,27.125956626506,"Tuesday","8","2020","Summer","False","False",1525,NA,"","",NA,NA,NA,NA,NA,NA,NA,NA,NA,NA,NA,NA,1399.68,1285.56,595.86,1115.79,695.09,361.89,1.39968,1.28556,0.59586,1.11579,0.69509,0.36189,285.5,161.5,189,189.5
"185",968,"R000","Montebello","Lombardia","Pavia",2020-08-26,413,13303.305,32.211392251816,"Wednesday","8","2020","Summer","False","False",1525,NA,"","",NA,NA,NA,NA,NA,NA,NA,NA,NA,NA,NA,NA,1399.68,1285.56,595.86,1115.79,695.09,361.89,1.39968,1.28556,0.59586,1.11579,0.69509,0.36189,285.5,161.5,189,189.5
"186",969,"R000","Montebello","Lombardia","Pavia",2020-08-27,452,13457.421,29.7730553097345,"Thursday","8","2020","Summer","False","False",1525,NA,"","",NA,NA,NA,NA,NA,NA,NA,NA,NA,NA,NA,NA,1399.68,1285.56,595.86,1115.79,695.09,361.89,1.39968,1.28556,0.59586,1.11579,0.69509,0.36189,285.5,161.5,189,189.5
"187",970,"R000","Montebello","Lombardia","Pavia",2020-08-28,515,15158.61,29.4341941747573,"Friday","8","2020","Summer","False","False",1525,NA,"","",NA,NA,NA,NA,NA,NA,NA,NA,NA,NA,NA,NA,1399.68,1285.56,595.86,1115.79,695.09,361.89,1.39968,1.28556,0.59586,1.11579,0.69509,0.36189,285.5,161.5,189,189.5
"188",971,"R000","Montebello","Lombardia","Pavia",2020-08-29,726,20675.412,28.4785289256198,"Saturday","8","2020","Summer","True","False",1525,2.2,"True","",NA,NA,NA,NA,NA,NA,NA,NA,NA,NA,NA,NA,1399.68,1285.56,595.86,1115.79,695.09,361.89,1.39968,1.28556,0.59586,1.11579,0.69509,0.36189,285.5,161.5,189,189.5
"189",972,"R000","Montebello","Lombardia","Pavia",2020-08-30,693,22663.395,32.7033116883117,"Sunday","8","2020","Summer","True","True",1525,9.6,"True","",NA,NA,NA,NA,NA,NA,NA,NA,NA,NA,NA,NA,1399.68,1285.56,595.86,1115.79,695.09,361.89,1.39968,1.28556,0.59586,1.11579,0.69509,0.36189,285.5,161.5,189,189.5
"190",973,"R000","Montebello","Lombardia","Pavia",2020-08-31,505,13751.37,27.2304356435644,"Monday","8","2020","Summer","False","False",1525,NA,"","",NA,NA,NA,NA,NA,NA,NA,NA,NA,NA,NA,NA,1400.08,1285.19,594.59,1110.96,692.73,362.78,1.40008,1.28519,0.59459,1.11096,0.69273,0.36278,285.5,161.5,189,189.5
"191",974,"R000","Montebello","Lombardia","Pavia",2020-09-01,461,14542.551,31.5456637744035,"Tuesday","9","2020","Summer","False","False",1525,NA,"","",NA,NA,NA,NA,NA,NA,NA,NA,NA,NA,NA,NA,1400.08,1285.19,594.59,1110.96,692.73,362.78,1.40008,1.28519,0.59459,1.11096,0.69273,0.36278,285.5,161.5,189,189.5
"192",975,"R000","Montebello","Lombardia","Pavia",2020-09-02,535,15278.49,28.5579252336449,"Wednesday","9","2020","Summer","False","False",1525,NA,"","",NA,NA,NA,NA,NA,NA,NA,NA,NA,NA,NA,NA,1400.08,1285.19,594.59,1110.96,692.73,362.78,1.40008,1.28519,0.59459,1.11096,0.69273,0.36278,285.5,161.5,189,189.5
"193",976,"R000","Montebello","Lombardia","Pavia",2020-09-03,504,13854.24,27.4885714285714,"Thursday","9","2020","Summer","False","False",1525,NA,"","",NA,NA,NA,NA,NA,NA,NA,NA,NA,NA,NA,NA,1400.08,1285.19,594.59,1110.96,692.73,362.78,1.40008,1.28519,0.59459,1.11096,0.69273,0.36278,285.5,163.5,181,189.5
"194",977,"R000","Montebello","Lombardia","Pavia",2020-09-04,562,16502.265,29.3634608540925,"Friday","9","2020","Summer","False","False",1525,NA,"","",NA,NA,NA,NA,NA,NA,NA,NA,NA,NA,NA,NA,1400.08,1285.19,594.59,1110.96,692.73,362.78,1.40008,1.28519,0.59459,1.11096,0.69273,0.36278,285.5,163.5,181,189.5
"195",978,"R000","Montebello","Lombardia","Pavia",2020-09-05,658,19047.15,28.9470364741641,"Saturday","9","2020","Summer","True","False",1525,NA,"","",NA,NA,NA,NA,NA,NA,NA,NA,NA,NA,NA,NA,1400.08,1285.19,594.59,1110.96,692.73,362.78,1.40008,1.28519,0.59459,1.11096,0.69273,0.36278,285.5,163.5,181,189.5
"196",979,"R000","Montebello","Lombardia","Pavia",2020-09-06,658,20085.192,30.5246079027356,"Sunday","9","2020","Summer","True","True",1525,NA,"","",NA,NA,NA,NA,NA,NA,NA,NA,NA,NA,NA,NA,1400.08,1285.19,594.59,1110.96,692.73,362.78,1.40008,1.28519,0.59459,1.11096,0.69273,0.36278,285.5,163.5,181,189.5
"197",980,"R000","Montebello","Lombardia","Pavia",2020-09-07,501,14467.842,28.8779281437126,"Monday","9","2020","Summer","False","False",1525,4.8,"True","",NA,NA,NA,NA,NA,NA,NA,NA,NA,NA,NA,NA,1398.48,1281.64,593.45,1099.14,683.82,351,1.39848,1.28164,0.59345,1.09914,0.68382,0.351,285.5,163.5,181,189.5
"198",981,"R000","Montebello","Lombardia","Pavia",2020-09-08,525,15332.382,29.2045371428571,"Tuesday","9","2020","Summer","False","False",1525,NA,"","",NA,NA,NA,NA,NA,NA,NA,NA,NA,NA,NA,NA,1398.48,1281.64,593.45,1099.14,683.82,351,1.39848,1.28164,0.59345,1.09914,0.68382,0.351,285.5,163.5,181,189.5
"199",982,"R000","Montebello","Lombardia","Pavia",2020-09-09,471,13588.776,28.8509044585987,"Wednesday","9","2020","Summer","False","False",1525,NA,"","",NA,NA,NA,NA,NA,NA,NA,NA,NA,NA,NA,NA,1398.48,1281.64,593.45,1099.14,683.82,351,1.39848,1.28164,0.59345,1.09914,0.68382,0.351,285.5,163.5,181,189.5
"200",983,"R000","Montebello","Lombardia","Pavia",2020-09-10,500,14679.36,29.35872,"Thursday","9","2020","Summer","False","False",1525,NA,"","",NA,NA,NA,NA,NA,NA,NA,NA,NA,NA,NA,NA,1398.48,1281.64,593.45,1099.14,683.82,351,1.39848,1.28164,0.59345,1.09914,0.68382,0.351,282.5,164.5,179,191.5
"201",984,"R000","Montebello","Lombardia","Pavia",2020-09-11,594,17798.67,29.9640909090909,"Friday","9","2020","Summer","False","False",1525,NA,"","",NA,NA,NA,NA,NA,NA,NA,NA,NA,NA,NA,NA,1398.48,1281.64,593.45,1099.14,683.82,351,1.39848,1.28164,0.59345,1.09914,0.68382,0.351,282.5,164.5,179,191.5
"202",985,"R000","Montebello","Lombardia","Pavia",2020-09-12,730,20429.091,27.9850561643836,"Saturday","9","2020","Summer","True","False",1525,NA,"","",NA,NA,NA,NA,NA,NA,NA,NA,NA,NA,NA,NA,1398.48,1281.64,593.45,1099.14,683.82,351,1.39848,1.28164,0.59345,1.09914,0.68382,0.351,282.5,164.5,179,191.5
"203",986,"R000","Montebello","Lombardia","Pavia",2020-09-13,584,18750.96,32.1078082191781,"Sunday","9","2020","Summer","True","True",1525,NA,"","",NA,NA,NA,NA,NA,NA,NA,NA,NA,NA,NA,NA,1398.48,1281.64,593.45,1099.14,683.82,351,1.39848,1.28164,0.59345,1.09914,0.68382,0.351,282.5,164.5,179,191.5
"204",987,"R000","Montebello","Lombardia","Pavia",2020-09-14,443,12973.23,29.2849435665914,"Monday","9","2020","Summer","False","False",1525,NA,"","",NA,NA,NA,NA,NA,NA,NA,NA,NA,NA,NA,NA,1392.04,1274.28,593.35,1086.14,675.18,344,1.39204,1.27428,0.59335,1.08614,0.67518,0.344,282.5,164.5,179,191.5
"205",988,"R000","Montebello","Lombardia","Pavia",2020-09-15,584,12346.695,21.1416010273973,"Tuesday","9","2020","Summer","False","False",1525,NA,"","",NA,NA,NA,NA,NA,NA,NA,NA,NA,NA,NA,NA,1392.04,1274.28,593.35,1086.14,675.18,344,1.39204,1.27428,0.59335,1.08614,0.67518,0.344,282.5,164.5,179,191.5
"206",989,"R000","Montebello","Lombardia","Pavia",2020-09-16,411,12587.805,30.6272627737226,"Wednesday","9","2020","Summer","False","False",1525,NA,"","",NA,NA,NA,NA,NA,NA,NA,NA,NA,NA,NA,NA,1392.04,1274.28,593.35,1086.14,675.18,344,1.39204,1.27428,0.59335,1.08614,0.67518,0.344,282.5,164.5,179,191.5
"207",990,"R000","Montebello","Lombardia","Pavia",2020-09-17,386,11172.789,28.9450492227979,"Thursday","9","2020","Summer","False","False",1525,NA,"","",NA,NA,NA,NA,NA,NA,NA,NA,NA,NA,NA,NA,1392.04,1274.28,593.35,1086.14,675.18,344,1.39204,1.27428,0.59335,1.08614,0.67518,0.344,280.5,165.5,176,191.5
"208",991,"R000","Montebello","Lombardia","Pavia",2020-09-18,541,16693.29,30.8563585951941,"Friday","9","2020","Summer","False","False",1525,NA,"","",NA,NA,NA,NA,NA,NA,NA,NA,NA,NA,NA,NA,1392.04,1274.28,593.35,1086.14,675.18,344,1.39204,1.27428,0.59335,1.08614,0.67518,0.344,280.5,165.5,176,191.5
"209",992,"R000","Montebello","Lombardia","Pavia",2020-09-19,702,21489.732,30.6121538461538,"Saturday","9","2020","Summer","True","False",1525,NA,"","",NA,NA,NA,NA,NA,NA,NA,NA,NA,NA,NA,NA,1392.04,1274.28,593.35,1086.14,675.18,344,1.39204,1.27428,0.59335,1.08614,0.67518,0.344,280.5,165.5,176,191.5
"210",993,"R000","Montebello","Lombardia","Pavia",2020-09-20,689,21030.543,30.5232844702467,"Sunday","9","2020","Summer","True","True",1525,0.4,"True","",NA,NA,NA,NA,NA,NA,NA,NA,NA,NA,NA,NA,1392.04,1274.28,593.35,1086.14,675.18,344,1.39204,1.27428,0.59335,1.08614,0.67518,0.344,280.5,165.5,176,191.5
"211",994,"R000","Montebello","Lombardia","Pavia",2020-09-21,485,13348.827,27.5233546391753,"Monday","9","2020","Summer","False","False",1525,1,"True","",NA,NA,NA,NA,NA,NA,NA,NA,NA,NA,NA,NA,1388.7,1267.41,592.7,1090.46,682.45,355.89,1.3887,1.26741,0.5927,1.09046,0.68245,0.35589,280.5,165.5,176,191.5
"212",995,"R000","Montebello","Lombardia","Pavia",2020-09-22,399,10872.09,27.2483458646617,"Tuesday","9","2020","Summer","False","False",1525,1.2,"True","",NA,NA,NA,NA,NA,NA,NA,NA,NA,NA,NA,NA,1388.7,1267.41,592.7,1090.46,682.45,355.89,1.3887,1.26741,0.5927,1.09046,0.68245,0.35589,280.5,165.5,176,191.5
"213",996,"R000","Montebello","Lombardia","Pavia",2020-09-23,451,12667.32,28.0871840354767,"Wednesday","9","2020","Autumn","False","False",1525,NA,"","",NA,NA,NA,NA,NA,NA,NA,NA,NA,NA,NA,NA,1388.7,1267.41,592.7,1090.46,682.45,355.89,1.3887,1.26741,0.5927,1.09046,0.68245,0.35589,280.5,165.5,176,191.5
"214",997,"R000","Montebello","Lombardia","Pavia",2020-09-24,440,11918.853,27.0883022727273,"Thursday","9","2020","Autumn","False","False",1525,2,"True","",NA,NA,NA,NA,NA,NA,NA,NA,NA,NA,NA,NA,1388.7,1267.41,592.7,1090.46,682.45,355.89,1.3887,1.26741,0.5927,1.09046,0.68245,0.35589,279.5,167.5,176,192.5
"215",998,"R000","Montebello","Lombardia","Pavia",2020-09-25,543,15622.2,28.7701657458564,"Friday","9","2020","Autumn","False","False",1525,5.2,"True","",NA,NA,NA,NA,NA,NA,NA,NA,NA,NA,NA,NA,1388.7,1267.41,592.7,1090.46,682.45,355.89,1.3887,1.26741,0.5927,1.09046,0.68245,0.35589,279.5,167.5,176,192.5
"216",999,"R000","Montebello","Lombardia","Pavia",2020-09-26,777,21744.855,27.9856563706564,"Saturday","9","2020","Autumn","True","False",1525,NA,"","",NA,NA,NA,NA,NA,NA,NA,NA,NA,NA,NA,NA,1388.7,1267.41,592.7,1090.46,682.45,355.89,1.3887,1.26741,0.5927,1.09046,0.68245,0.35589,279.5,167.5,176,192.5
"217",1000,"R000","Montebello","Lombardia","Pavia",2020-09-27,711,20145.942,28.3346582278481,"Sunday","9","2020","Autumn","True","True",1525,NA,"","",NA,NA,NA,NA,NA,NA,NA,NA,NA,NA,NA,NA,1388.7,1267.41,592.7,1090.46,682.45,355.89,1.3887,1.26741,0.5927,1.09046,0.68245,0.35589,279.5,167.5,176,192.5
"218",1001,"R000","Montebello","Lombardia","Pavia",2020-09-28,433,11244.555,25.9689491916859,"Monday","9","2020","Autumn","False","False",1525,NA,"","",NA,NA,NA,NA,NA,NA,NA,NA,NA,NA,NA,NA,1389.54,1264.94,592.25,1084.18,677.64,353.56,1.38954,1.26494,0.59225,1.08418,0.67764,0.35356,279.5,167.5,176,192.5
"219",1002,"R000","Montebello","Lombardia","Pavia",2020-09-29,421,10837.341,25.7419026128266,"Tuesday","9","2020","Autumn","False","False",1525,NA,"","",NA,NA,NA,NA,NA,NA,NA,NA,NA,NA,NA,NA,1389.54,1264.94,592.25,1084.18,677.64,353.56,1.38954,1.26494,0.59225,1.08418,0.67764,0.35356,279.5,167.5,176,192.5
"220",1003,"R000","Montebello","Lombardia","Pavia",2020-09-30,443,11984.085,27.0521106094808,"Wednesday","9","2020","Autumn","False","False",1525,NA,"","",NA,NA,NA,NA,NA,NA,NA,NA,NA,NA,NA,NA,1389.54,1264.94,592.25,1084.18,677.64,353.56,1.38954,1.26494,0.59225,1.08418,0.67764,0.35356,279.5,167.5,176,192.5
"221",1004,"R000","Montebello","Lombardia","Pavia",2020-10-01,436,11829.051,27.1308509174312,"Thursday","10","2020","Autumn","False","False",1525,NA,"","",NA,NA,NA,NA,NA,NA,NA,NA,NA,NA,NA,NA,1389.54,1264.94,592.25,1084.18,677.64,353.56,1.38954,1.26494,0.59225,1.08418,0.67764,0.35356,279.5,169.5,177,194.5
"222",1005,"R000","Montebello","Lombardia","Pavia",2020-10-02,580,16173.027,27.8845293103448,"Friday","10","2020","Autumn","False","False",1525,16,"True","",NA,NA,NA,NA,NA,NA,NA,NA,NA,NA,NA,NA,1389.54,1264.94,592.25,1084.18,677.64,353.56,1.38954,1.26494,0.59225,1.08418,0.67764,0.35356,279.5,169.5,177,194.5
"223",1006,"R000","Montebello","Lombardia","Pavia",2020-10-03,760,22009.455,28.9598092105263,"Saturday","10","2020","Autumn","True","False",1525,2.6,"True","",NA,NA,NA,NA,NA,NA,NA,NA,NA,NA,NA,NA,1389.54,1264.94,592.25,1084.18,677.64,353.56,1.38954,1.26494,0.59225,1.08418,0.67764,0.35356,279.5,169.5,177,194.5
"224",1007,"R000","Montebello","Lombardia","Pavia",2020-10-04,647,21616.146,33.4098083462133,"Sunday","10","2020","Autumn","True","True",1525,5.4,"True","",NA,NA,NA,NA,NA,NA,NA,NA,NA,NA,NA,NA,1389.54,1264.94,592.25,1084.18,677.64,353.56,1.38954,1.26494,0.59225,1.08418,0.67764,0.35356,279.5,169.5,177,194.5
"225",1008,"R000","Montebello","Lombardia","Pavia",2020-10-05,381,10051.29,26.3813385826772,"Monday","10","2020","Autumn","False","False",1525,NA,"","",NA,NA,NA,NA,NA,NA,NA,NA,NA,NA,NA,NA,1388.24,1262.69,591.69,1087.18,680,354.11,1.38824,1.26269,0.59169,1.08718,0.68,0.35411,279.5,169.5,177,194.5
"226",1009,"R000","Montebello","Lombardia","Pavia",2020-10-06,367,9737.415,26.5324659400545,"Tuesday","10","2020","Autumn","False","False",1525,NA,"","",NA,NA,NA,NA,NA,NA,NA,NA,NA,NA,NA,NA,1388.24,1262.69,591.69,1087.18,680,354.11,1.38824,1.26269,0.59169,1.08718,0.68,0.35411,279.5,169.5,177,194.5
"227",1010,"R000","Montebello","Lombardia","Pavia",2020-10-07,429,12232.674,28.5143916083916,"Wednesday","10","2020","Autumn","False","False",1525,NA,"","",NA,NA,NA,NA,NA,NA,NA,NA,NA,NA,NA,NA,1388.24,1262.69,591.69,1087.18,680,354.11,1.38824,1.26269,0.59169,1.08718,0.68,0.35411,279.5,169.5,177,194.5
"228",1011,"R000","Montebello","Lombardia","Pavia",2020-10-08,412,11693.781,28.382963592233,"Thursday","10","2020","Autumn","False","False",1525,NA,"","",NA,NA,NA,NA,NA,NA,NA,NA,NA,NA,NA,NA,1388.24,1262.69,591.69,1087.18,680,354.11,1.38824,1.26269,0.59169,1.08718,0.68,0.35411,279.5,171.5,178,195.5
"229",1012,"R000","Montebello","Lombardia","Pavia",2020-10-09,558,15526.242,27.8248064516129,"Friday","10","2020","Autumn","False","False",1525,NA,"","",NA,NA,NA,NA,NA,NA,NA,NA,NA,NA,NA,NA,1388.24,1262.69,591.69,1087.18,680,354.11,1.38824,1.26269,0.59169,1.08718,0.68,0.35411,279.5,171.5,178,195.5
"230",1013,"R000","Montebello","Lombardia","Pavia",2020-10-10,767,22113.216,28.8307900912647,"Saturday","10","2020","Autumn","True","False",1525,16.2,"True","",NA,NA,NA,NA,NA,NA,NA,NA,NA,NA,NA,NA,1388.24,1262.69,591.69,1087.18,680,354.11,1.38824,1.26269,0.59169,1.08718,0.68,0.35411,279.5,171.5,178,195.5
"231",1014,"R000","Montebello","Lombardia","Pavia",2020-10-11,637,19647.522,30.8438335949765,"Sunday","10","2020","Autumn","True","True",1525,3.2,"True","",NA,NA,NA,NA,NA,NA,NA,NA,NA,NA,NA,NA,1388.24,1262.69,591.69,1087.18,680,354.11,1.38824,1.26269,0.59169,1.08718,0.68,0.35411,279.5,171.5,178,195.5
"232",1015,"R000","Montebello","Lombardia","Pavia",2020-10-12,383,9676.665,25.2654438642298,"Monday","10","2020","Autumn","False","False",1525,NA,"","",NA,NA,NA,NA,NA,NA,NA,NA,NA,NA,NA,NA,1388.63,1261,591.76,1088.75,689.82,368.33,1.38863,1.261,0.59176,1.08875,0.68982,0.36833,279.5,171.5,178,195.5
"233",1016,"R000","Montebello","Lombardia","Pavia",2020-10-13,362,10458.315,28.8903729281768,"Tuesday","10","2020","Autumn","False","False",1525,NA,"","",NA,NA,NA,NA,NA,NA,NA,NA,NA,NA,NA,NA,1388.63,1261,591.76,1088.75,689.82,368.33,1.38863,1.261,0.59176,1.08875,0.68982,0.36833,279.5,171.5,178,195.5
"234",1017,"R000","Montebello","Lombardia","Pavia",2020-10-14,410,11819.169,28.8272414634146,"Wednesday","10","2020","Autumn","False","False",1525,3.8,"True","",NA,NA,NA,NA,NA,NA,NA,NA,NA,NA,NA,NA,1388.63,1261,591.76,1088.75,689.82,368.33,1.38863,1.261,0.59176,1.08875,0.68982,0.36833,279.5,171.5,178,195.5
"235",1018,"R000","Montebello","Lombardia","Pavia",2020-10-15,405,11100.672,27.4090666666667,"Thursday","10","2020","Autumn","False","False",1525,13.8,"True","",NA,NA,NA,NA,NA,NA,NA,NA,NA,NA,NA,NA,1388.63,1261,591.76,1088.75,689.82,368.33,1.38863,1.261,0.59176,1.08875,0.68982,0.36833,282.5,174.5,179,197.5
"236",1019,"R000","Montebello","Lombardia","Pavia",2020-10-16,540,16809.768,31.1292,"Friday","10","2020","Autumn","False","False",1525,NA,"","",NA,NA,NA,NA,NA,NA,NA,NA,NA,NA,NA,NA,1388.63,1261,591.76,1088.75,689.82,368.33,1.38863,1.261,0.59176,1.08875,0.68982,0.36833,282.5,174.5,179,197.5
"237",1020,"R000","Montebello","Lombardia","Pavia",2020-10-17,709,22138.002,31.2242623413258,"Saturday","10","2020","Autumn","True","False",1525,NA,"","",NA,NA,NA,NA,NA,NA,NA,NA,NA,NA,NA,NA,1388.63,1261,591.76,1088.75,689.82,368.33,1.38863,1.261,0.59176,1.08875,0.68982,0.36833,282.5,174.5,179,197.5
"238",1021,"R000","Montebello","Lombardia","Pavia",2020-10-18,692,20821.455,30.0888078034682,"Sunday","10","2020","Autumn","True","True",1525,NA,"","",NA,NA,NA,NA,NA,NA,NA,NA,NA,NA,NA,NA,1388.63,1261,591.76,1088.75,689.82,368.33,1.38863,1.261,0.59176,1.08875,0.68982,0.36833,282.5,174.5,179,197.5
"239",1022,"R000","Montebello","Lombardia","Pavia",2020-10-19,348,9209.295,26.4634913793103,"Monday","10","2020","Autumn","False","False",1525,NA,"","",NA,NA,NA,NA,NA,NA,NA,NA,NA,NA,NA,NA,1389.14,1260.48,592.35,1088.93,691.64,369.22,1.38914,1.26048,0.59235,1.08893,0.69164,0.36922,282.5,174.5,179,197.5
"240",1023,"R000","Montebello","Lombardia","Pavia",2020-10-20,380,10052.64,26.4543157894737,"Tuesday","10","2020","Autumn","False","False",1525,0.2,"True","",NA,NA,NA,NA,NA,NA,NA,NA,NA,NA,NA,NA,1389.14,1260.48,592.35,1088.93,691.64,369.22,1.38914,1.26048,0.59235,1.08893,0.69164,0.36922,282.5,174.5,179,197.5
"241",1024,"R000","Montebello","Lombardia","Pavia",2020-10-21,350,10367.487,29.6213914285714,"Wednesday","10","2020","Autumn","False","False",1525,0.2,"True","",NA,NA,NA,NA,NA,NA,NA,NA,NA,NA,NA,NA,1389.14,1260.48,592.35,1088.93,691.64,369.22,1.38914,1.26048,0.59235,1.08893,0.69164,0.36922,282.5,174.5,179,197.5
"242",1025,"R000","Montebello","Lombardia","Pavia",2020-10-22,466,12665.025,27.1781652360515,"Thursday","10","2020","Autumn","False","False",1525,0.8,"True","",NA,NA,NA,NA,NA,NA,NA,NA,NA,NA,NA,NA,1389.14,1260.48,592.35,1088.93,691.64,369.22,1.38914,1.26048,0.59235,1.08893,0.69164,0.36922,283.5,178.5,181,200.5
"243",1026,"R000","Montebello","Lombardia","Pavia",2020-10-23,494,15266.475,30.9037955465587,"Friday","10","2020","Autumn","False","False",1525,10.4,"True","",NA,NA,NA,NA,NA,NA,NA,NA,NA,NA,NA,NA,1389.14,1260.48,592.35,1088.93,691.64,369.22,1.38914,1.26048,0.59235,1.08893,0.69164,0.36922,283.5,178.5,181,200.5
"244",1027,"R000","Montebello","Lombardia","Pavia",2020-10-24,439,14672.88,33.423416856492,"Saturday","10","2020","Autumn","True","False",1525,0.2,"True","",NA,NA,NA,NA,NA,NA,NA,NA,NA,NA,NA,NA,1389.14,1260.48,592.35,1088.93,691.64,369.22,1.38914,1.26048,0.59235,1.08893,0.69164,0.36922,283.5,178.5,181,200.5
"245",1028,"R000","Montebello","Lombardia","Pavia",2020-10-25,362,10946.475,30.2388812154696,"Sunday","10","2020","Autumn","True","True",1525,1,"True","",NA,NA,NA,NA,NA,NA,NA,NA,NA,NA,NA,NA,1389.14,1260.48,592.35,1088.93,691.64,369.22,1.38914,1.26048,0.59235,1.08893,0.69164,0.36922,283.5,178.5,181,200.5
"246",1029,"R000","Montebello","Lombardia","Pavia",2020-10-26,320,9521.739,29.755434375,"Monday","10","2020","Autumn","False","False",1525,36.2,"True","",NA,NA,NA,NA,NA,NA,NA,NA,NA,NA,NA,NA,1387.72,1258.51,591.89,1085.36,690.36,367.89,1.38772,1.25851,0.59189,1.08536,0.69036,0.36789,283.5,178.5,181,200.5
"247",1030,"R000","Montebello","Lombardia","Pavia",2020-10-27,352,10512.99,29.8664488636364,"Tuesday","10","2020","Autumn","False","False",1525,7.6,"True","",NA,NA,NA,NA,NA,NA,NA,NA,NA,NA,NA,NA,1387.72,1258.51,591.89,1085.36,690.36,367.89,1.38772,1.25851,0.59189,1.08536,0.69036,0.36789,283.5,178.5,181,200.5
"248",1031,"R000","Montebello","Lombardia","Pavia",2020-10-28,347,10600.605,30.5492939481268,"Wednesday","10","2020","Autumn","False","False",1525,NA,"","",NA,NA,NA,NA,NA,NA,NA,NA,NA,NA,NA,NA,1387.72,1258.51,591.89,1085.36,690.36,367.89,1.38772,1.25851,0.59189,1.08536,0.69036,0.36789,283.5,178.5,181,200.5
"249",1032,"R000","Montebello","Lombardia","Pavia",2020-10-29,378,11607.3,30.7071428571429,"Thursday","10","2020","Autumn","False","False",1525,NA,"","",NA,NA,NA,NA,NA,NA,NA,NA,NA,NA,NA,NA,1387.72,1258.51,591.89,1085.36,690.36,367.89,1.38772,1.25851,0.59189,1.08536,0.69036,0.36789,285.5,183.5,191,210.5
"250",1033,"R000","Montebello","Lombardia","Pavia",2020-10-30,475,15925.329,33.5270084210526,"Friday","10","2020","Autumn","False","False",1525,0.4,"True","",NA,NA,NA,NA,NA,NA,NA,NA,NA,NA,NA,NA,1387.72,1258.51,591.89,1085.36,690.36,367.89,1.38772,1.25851,0.59189,1.08536,0.69036,0.36789,285.5,183.5,191,210.5
"251",1034,"R000","Montebello","Lombardia","Pavia",2020-10-31,406,15521.463,38.2302044334975,"Saturday","10","2020","Autumn","True","False",1525,0.4,"True","",NA,NA,NA,NA,NA,NA,NA,NA,NA,NA,NA,NA,1387.72,1258.51,591.89,1085.36,690.36,367.89,1.38772,1.25851,0.59189,1.08536,0.69036,0.36789,285.5,183.5,191,210.5
"252",1035,"R000","Montebello","Lombardia","Pavia",2020-11-01,341,11902.707,34.9052991202346,"Sunday","11","2020","Autumn","True","True",1525,0.2,"True","",NA,NA,NA,NA,NA,NA,NA,NA,NA,NA,NA,NA,1387.72,1258.51,591.89,1085.36,690.36,367.89,1.38772,1.25851,0.59189,1.08536,0.69036,0.36789,285.5,183.5,191,210.5
"253",1036,"R000","Montebello","Lombardia","Pavia",2020-11-02,377,11225.898,29.7769177718833,"Monday","11","2020","Autumn","False","False",1525,0.2,"True","",NA,NA,NA,NA,NA,NA,NA,NA,NA,NA,NA,NA,1383.88,1254.77,591.55,1069.79,677.18,354.89,1.38388,1.25477,0.59155,1.06979,0.67718,0.35489,285.5,183.5,191,210.5
"254",1037,"R000","Montebello","Lombardia","Pavia",2020-11-03,320,10050.48,31.40775,"Tuesday","11","2020","Autumn","False","False",1525,1.6,"True","",NA,NA,NA,NA,NA,NA,NA,NA,NA,NA,NA,NA,1383.88,1254.77,591.55,1069.79,677.18,354.89,1.38388,1.25477,0.59155,1.06979,0.67718,0.35489,285.5,183.5,191,210.5
"255",1038,"R000","Montebello","Lombardia","Pavia",2020-11-04,417,13527.81,32.4407913669065,"Wednesday","11","2020","Autumn","False","False",1525,3.2,"True","",NA,NA,NA,NA,NA,NA,NA,NA,NA,NA,NA,NA,1383.88,1254.77,591.55,1069.79,677.18,354.89,1.38388,1.25477,0.59155,1.06979,0.67718,0.35489,285.5,183.5,191,210.5
"256",1039,"R000","Montebello","Lombardia","Pavia",2020-11-05,445,14030.955,31.5302359550562,"Thursday","11","2020","Autumn","False","False",1525,NA,"","",NA,NA,NA,NA,NA,NA,NA,NA,NA,NA,NA,NA,1383.88,1254.77,591.55,1069.79,677.18,354.89,1.38388,1.25477,0.59155,1.06979,0.67718,0.35489,287.5,187.5,194,213.5
"257",1040,"R000","Montebello","Lombardia","Pavia",2020-11-06,168,6205.41,36.9369642857143,"Friday","11","2020","Autumn","False","False",1525,0.2,"True","rosso",NA,NA,NA,NA,NA,NA,NA,NA,NA,NA,NA,NA,1383.88,1254.77,591.55,1069.79,677.18,354.89,1.38388,1.25477,0.59155,1.06979,0.67718,0.35489,287.5,187.5,194,213.5
"258",1041,"R000","Montebello","Lombardia","Pavia",2020-11-07,130,4945.914,38.0454923076923,"Saturday","11","2020","Autumn","True","False",1525,NA,"","rosso",NA,NA,NA,NA,NA,NA,NA,NA,NA,NA,NA,NA,1383.88,1254.77,591.55,1069.79,677.18,354.89,1.38388,1.25477,0.59155,1.06979,0.67718,0.35489,287.5,187.5,194,213.5
"259",1042,"R000","Montebello","Lombardia","Pavia",2020-11-08,103,4068.9,39.5038834951456,"Sunday","11","2020","Autumn","True","True",1525,NA,"","rosso",NA,NA,NA,NA,NA,NA,NA,NA,NA,NA,NA,NA,1383.88,1254.77,591.55,1069.79,677.18,354.89,1.38388,1.25477,0.59155,1.06979,0.67718,0.35489,287.5,187.5,194,213.5
"260",1043,"R000","Montebello","Lombardia","Pavia",2020-11-09,202,6459.615,31.9782920792079,"Monday","11","2020","Autumn","False","False",1525,NA,"","rosso",NA,NA,NA,NA,NA,NA,NA,NA,NA,NA,NA,NA,1378.34,1248.72,592.46,1072.5,677.64,364.56,1.37834,1.24872,0.59246,1.0725,0.67764,0.36456,287.5,187.5,194,213.5
"261",1044,"R000","Montebello","Lombardia","Pavia",2020-11-10,188,5793.525,30.8166223404255,"Tuesday","11","2020","Autumn","False","False",1525,NA,"","rosso",NA,NA,NA,NA,NA,NA,NA,NA,NA,NA,NA,NA,1378.34,1248.72,592.46,1072.5,677.64,364.56,1.37834,1.24872,0.59246,1.0725,0.67764,0.36456,287.5,187.5,194,213.5
"262",1045,"R000","Montebello","Lombardia","Pavia",2020-11-11,200,6573.96,32.8698,"Wednesday","11","2020","Autumn","False","False",1525,NA,"","rosso",NA,NA,NA,NA,NA,NA,NA,NA,NA,NA,NA,NA,1378.34,1248.72,592.46,1072.5,677.64,364.56,1.37834,1.24872,0.59246,1.0725,0.67764,0.36456,287.5,187.5,194,213.5
"263",1046,"R000","Montebello","Lombardia","Pavia",2020-11-12,211,6813.828,32.2930236966825,"Thursday","11","2020","Autumn","False","False",1525,NA,"","rosso",NA,NA,NA,NA,NA,NA,NA,NA,NA,NA,NA,NA,1378.34,1248.72,592.46,1072.5,677.64,364.56,1.37834,1.24872,0.59246,1.0725,0.67764,0.36456,291,187.5,195,213.5
"264",1047,"R000","Montebello","Lombardia","Pavia",2020-11-13,251,9494.847,37.8280756972112,"Friday","11","2020","Autumn","False","False",1525,1,"True","rosso",NA,NA,NA,NA,NA,NA,NA,NA,NA,NA,NA,NA,1378.34,1248.72,592.46,1072.5,677.64,364.56,1.37834,1.24872,0.59246,1.0725,0.67764,0.36456,291,187.5,195,213.5
"265",1048,"R000","Montebello","Lombardia","Pavia",2020-11-14,230,8889.345,38.6493260869565,"Saturday","11","2020","Autumn","True","False",1525,NA,"","rosso",NA,NA,NA,NA,NA,NA,NA,NA,NA,NA,NA,NA,1378.34,1248.72,592.46,1072.5,677.64,364.56,1.37834,1.24872,0.59246,1.0725,0.67764,0.36456,291,187.5,195,213.5
"266",1049,"R000","Montebello","Lombardia","Pavia",2020-11-15,165,5670.405,34.3660909090909,"Sunday","11","2020","Autumn","True","True",1525,0.2,"True","rosso",NA,NA,NA,NA,NA,NA,NA,NA,NA,NA,NA,NA,1378.34,1248.72,592.46,1072.5,677.64,364.56,1.37834,1.24872,0.59246,1.0725,0.67764,0.36456,291,187.5,195,213.5
"267",1050,"R000","Montebello","Lombardia","Pavia",2020-11-16,228,6890.94,30.2234210526316,"Monday","11","2020","Autumn","False","False",1525,7.4,"True","rosso",NA,NA,NA,NA,NA,NA,NA,NA,NA,NA,NA,NA,1385.46,1255.3,593.49,1089.29,690.09,380.11,1.38546,1.2553,0.59349,1.08929,0.69009,0.38011,291,187.5,195,213.5
"268",1051,"R000","Montebello","Lombardia","Pavia",2020-11-17,219,6864.912,31.3466301369863,"Tuesday","11","2020","Autumn","False","False",1525,NA,"","rosso",NA,NA,NA,NA,NA,NA,NA,NA,NA,NA,NA,NA,1385.46,1255.3,593.49,1089.29,690.09,380.11,1.38546,1.2553,0.59349,1.08929,0.69009,0.38011,291,187.5,195,213.5
"269",1052,"R000","Montebello","Lombardia","Pavia",2020-11-18,227,7532.649,33.1834757709251,"Wednesday","11","2020","Autumn","False","False",1525,0.2,"True","rosso",NA,NA,NA,NA,NA,NA,NA,NA,NA,NA,NA,NA,1385.46,1255.3,593.49,1089.29,690.09,380.11,1.38546,1.2553,0.59349,1.08929,0.69009,0.38011,291,187.5,195,213.5
"270",1053,"R000","Montebello","Lombardia","Pavia",2020-11-19,226,7030.26,31.1073451327434,"Thursday","11","2020","Autumn","False","False",1525,0.2,"True","rosso",NA,NA,NA,NA,NA,NA,NA,NA,NA,NA,NA,NA,1385.46,1255.3,593.49,1089.29,690.09,380.11,1.38546,1.2553,0.59349,1.08929,0.69009,0.38011,295,189.5,195,213.5
"271",1054,"R000","Montebello","Lombardia","Pavia",2020-11-20,273,9582.921,35.1022747252747,"Friday","11","2020","Autumn","False","False",1525,0.4,"True","rosso",NA,NA,NA,NA,NA,NA,NA,NA,NA,NA,NA,NA,1385.46,1255.3,593.49,1089.29,690.09,380.11,1.38546,1.2553,0.59349,1.08929,0.69009,0.38011,295,189.5,195,213.5
"272",1055,"R000","Montebello","Lombardia","Pavia",2020-11-21,271,10648.611,39.2937675276753,"Saturday","11","2020","Autumn","True","False",1525,NA,"","rosso",NA,NA,NA,NA,NA,NA,NA,NA,NA,NA,NA,NA,1385.46,1255.3,593.49,1089.29,690.09,380.11,1.38546,1.2553,0.59349,1.08929,0.69009,0.38011,295,189.5,195,213.5
"273",1056,"R000","Montebello","Lombardia","Pavia",2020-11-22,189,7239.24,38.3028571428571,"Sunday","11","2020","Autumn","True","True",1525,NA,"","rosso",NA,NA,NA,NA,NA,NA,NA,NA,NA,NA,NA,NA,1385.46,1255.3,593.49,1089.29,690.09,380.11,1.38546,1.2553,0.59349,1.08929,0.69009,0.38011,295,189.5,195,213.5
"274",1057,"R000","Montebello","Lombardia","Pavia",2020-11-23,238,7714.98,32.4158823529412,"Monday","11","2020","Autumn","False","False",1525,NA,"","rosso",NA,NA,NA,NA,NA,NA,NA,NA,NA,NA,NA,NA,1393.24,1264.11,597.05,1097.21,692.09,379.44,1.39324,1.26411,0.59705,1.09721,0.69209,0.37944,295,189.5,195,213.5
"275",1058,"R000","Montebello","Lombardia","Pavia",2020-11-24,243,7665.03,31.5433333333333,"Tuesday","11","2020","Autumn","False","False",1525,NA,"","rosso",NA,NA,NA,NA,NA,NA,NA,NA,NA,NA,NA,NA,1393.24,1264.11,597.05,1097.21,692.09,379.44,1.39324,1.26411,0.59705,1.09721,0.69209,0.37944,295,189.5,195,213.5
"276",1059,"R000","Montebello","Lombardia","Pavia",2020-11-25,251,8371.35,33.3519920318725,"Wednesday","11","2020","Autumn","False","False",1525,NA,"","rosso",NA,NA,NA,NA,NA,NA,NA,NA,NA,NA,NA,NA,1393.24,1264.11,597.05,1097.21,692.09,379.44,1.39324,1.26411,0.59705,1.09721,0.69209,0.37944,295,189.5,195,213.5
"277",1060,"R000","Montebello","Lombardia","Pavia",2020-11-26,261,8612.19,32.9968965517241,"Thursday","11","2020","Autumn","False","False",1525,NA,"","rosso",NA,NA,NA,NA,NA,NA,NA,NA,NA,NA,NA,NA,1393.24,1264.11,597.05,1097.21,692.09,379.44,1.39324,1.26411,0.59705,1.09721,0.69209,0.37944,299,189.5,195,213.5
"278",1061,"R000","Montebello","Lombardia","Pavia",2020-11-27,302,11163.285,36.9645198675497,"Friday","11","2020","Autumn","False","False",1525,0.6,"True","rosso",NA,NA,NA,NA,NA,NA,NA,NA,NA,NA,NA,NA,1393.24,1264.11,597.05,1097.21,692.09,379.44,1.39324,1.26411,0.59705,1.09721,0.69209,0.37944,299,189.5,195,213.5
"279",1062,"R000","Montebello","Lombardia","Pavia",2020-11-28,305,11048.4,36.224262295082,"Saturday","11","2020","Autumn","True","False",1525,0.2,"True","rosso",NA,NA,NA,NA,NA,NA,NA,NA,NA,NA,NA,NA,1393.24,1264.11,597.05,1097.21,692.09,379.44,1.39324,1.26411,0.59705,1.09721,0.69209,0.37944,299,189.5,195,213.5
"280",1063,"R000","Montebello","Lombardia","Pavia",2020-11-29,299,10122.3,33.8538461538461,"Sunday","11","2020","Autumn","True","True",1525,NA,"","arancione",NA,NA,NA,NA,NA,NA,NA,NA,NA,NA,NA,NA,1393.24,1264.11,597.05,1097.21,692.09,379.44,1.39324,1.26411,0.59705,1.09721,0.69209,0.37944,299,189.5,195,213.5
"281",1064,"R000","Montebello","Lombardia","Pavia",2020-11-30,342,11029.797,32.2508684210526,"Monday","11","2020","Autumn","False","False",1525,NA,"","arancione",NA,NA,NA,NA,NA,NA,NA,NA,NA,NA,NA,NA,1403.62,1275.25,603.39,1117.96,713.45,392.22,1.40362,1.27525,0.60339,1.11796,0.71345,0.39222,299,189.5,195,213.5
"282",1065,"R000","Montebello","Lombardia","Pavia",2020-12-01,330,10872.63,32.9473636363636,"Tuesday","12","2020","Autumn","False","False",1525,5.6,"True","arancione",NA,NA,NA,NA,NA,NA,NA,NA,NA,NA,NA,NA,1403.62,1275.25,603.39,1117.96,713.45,392.22,1.40362,1.27525,0.60339,1.11796,0.71345,0.39222,299,189.5,195,213.5
"283",1066,"R000","Montebello","Lombardia","Pavia",2020-12-02,308,10372.185,33.6759253246753,"Wednesday","12","2020","Autumn","False","False",1525,8.2,"True","arancione",NA,NA,NA,NA,NA,NA,NA,NA,NA,NA,NA,NA,1403.62,1275.25,603.39,1117.96,713.45,392.22,1.40362,1.27525,0.60339,1.11796,0.71345,0.39222,299,189.5,195,213.5
"284",1067,"R000","Montebello","Lombardia","Pavia",2020-12-03,345,11349.558,32.8972695652174,"Thursday","12","2020","Autumn","False","False",1525,0.4,"True","arancione",NA,NA,NA,NA,NA,NA,NA,NA,NA,NA,NA,NA,1403.62,1275.25,603.39,1117.96,713.45,392.22,1.40362,1.27525,0.60339,1.11796,0.71345,0.39222,301,189.5,195,213.5
"285",1068,"R000","Montebello","Lombardia","Pavia",2020-12-04,224,8044.785,35.91421875,"Friday","12","2020","Autumn","False","False",1525,14.2,"True","arancione",NA,NA,NA,NA,NA,NA,NA,NA,NA,NA,NA,NA,1403.62,1275.25,603.39,1117.96,713.45,392.22,1.40362,1.27525,0.60339,1.11796,0.71345,0.39222,301,189.5,195,213.5
"286",1069,"R000","Montebello","Lombardia","Pavia",2020-12-05,312,12446.568,39.8928461538462,"Saturday","12","2020","Autumn","True","False",1525,21,"True","arancione",NA,NA,NA,NA,NA,NA,NA,NA,NA,NA,NA,NA,1403.62,1275.25,603.39,1117.96,713.45,392.22,1.40362,1.27525,0.60339,1.11796,0.71345,0.39222,301,189.5,195,213.5
"287",1070,"R000","Montebello","Lombardia","Pavia",2020-12-06,312,11267.613,36.1141442307692,"Sunday","12","2020","Autumn","True","True",1525,24,"True","arancione",NA,NA,NA,NA,NA,NA,NA,NA,NA,NA,NA,NA,1403.62,1275.25,603.39,1117.96,713.45,392.22,1.40362,1.27525,0.60339,1.11796,0.71345,0.39222,301,189.5,195,213.5
"288",1071,"R000","Montebello","Lombardia","Pavia",2020-12-07,395,14053.095,35.5774556962025,"Monday","12","2020","Autumn","False","False",1525,12.2,"True","arancione",NA,NA,NA,NA,NA,NA,NA,NA,NA,NA,NA,NA,1409.34,1283.79,606.51,1127.64,716.45,393.44,1.40934,1.28379,0.60651,1.12764,0.71645,0.39344,301,189.5,195,213.5
"289",1072,"R000","Montebello","Lombardia","Pavia",2020-12-08,208,7692.165,36.9815625,"Tuesday","12","2020","Autumn","False","True",1525,26.6,"True","arancione",NA,NA,NA,NA,NA,NA,NA,NA,NA,NA,NA,NA,1409.34,1283.79,606.51,1127.64,716.45,393.44,1.40934,1.28379,0.60651,1.12764,0.71645,0.39344,301,189.5,195,213.5
"290",1073,"R000","Montebello","Lombardia","Pavia",2020-12-09,386,11748.375,30.4362046632124,"Wednesday","12","2020","Autumn","False","False",1525,13,"True","arancione",NA,NA,NA,NA,NA,NA,NA,NA,NA,NA,NA,NA,1409.34,1283.79,606.51,1127.64,716.45,393.44,1.40934,1.28379,0.60651,1.12764,0.71645,0.39344,301,189.5,195,213.5
"291",1074,"R000","Montebello","Lombardia","Pavia",2020-12-10,384,12778.641,33.2777109375,"Thursday","12","2020","Autumn","False","False",1525,NA,"","arancione",NA,NA,NA,NA,NA,NA,NA,NA,NA,NA,NA,NA,1409.34,1283.79,606.51,1127.64,716.45,393.44,1.40934,1.28379,0.60651,1.12764,0.71645,0.39344,301,189.5,195,213.5
"292",1075,"R000","Montebello","Lombardia","Pavia",2020-12-11,420,15291.855,36.4091785714286,"Friday","12","2020","Autumn","False","False",1525,0.8,"True","arancione",NA,NA,NA,NA,NA,NA,NA,NA,NA,NA,NA,NA,1409.34,1283.79,606.51,1127.64,716.45,393.44,1.40934,1.28379,0.60651,1.12764,0.71645,0.39344,301,189.5,195,213.5
"293",1076,"R000","Montebello","Lombardia","Pavia",2020-12-12,375,14021.046,37.389456,"Saturday","12","2020","Autumn","True","False",1525,3.2,"True","arancione",NA,NA,NA,NA,NA,NA,NA,NA,NA,NA,NA,NA,1409.34,1283.79,606.51,1127.64,716.45,393.44,1.40934,1.28379,0.60651,1.12764,0.71645,0.39344,301,189.5,195,213.5
"294",1077,"R000","Montebello","Lombardia","Pavia",2020-12-13,512,18903.348,36.9206015625,"Sunday","12","2020","Autumn","True","True",1525,0.2,"True","giallo",NA,NA,NA,NA,NA,NA,NA,NA,NA,NA,NA,NA,1409.34,1283.79,606.51,1127.64,716.45,393.44,1.40934,1.28379,0.60651,1.12764,0.71645,0.39344,301,189.5,195,213.5
"295",1078,"R000","Montebello","Lombardia","Pavia",2020-12-14,445,13430.529,30.1809640449438,"Monday","12","2020","Autumn","False","False",1525,0.2,"True","giallo",NA,NA,NA,NA,NA,NA,NA,NA,NA,NA,NA,NA,1412.51,1288.31,609.59,1132.86,725,402,1.41251,1.28831,0.60959,1.13286,0.725,0.402,301,189.5,195,213.5
"296",1079,"R000","Montebello","Lombardia","Pavia",2020-12-15,472,14408.901,30.5273326271186,"Tuesday","12","2020","Autumn","False","False",1525,0.4,"True","giallo",NA,NA,NA,NA,NA,NA,NA,NA,NA,NA,NA,NA,1412.51,1288.31,609.59,1132.86,725,402,1.41251,1.28831,0.60959,1.13286,0.725,0.402,301,189.5,195,213.5
"297",1080,"R000","Montebello","Lombardia","Pavia",2020-12-16,483,16386.246,33.9259751552795,"Wednesday","12","2020","Autumn","False","False",1525,2.2,"True","giallo",NA,NA,NA,NA,NA,NA,NA,NA,NA,NA,NA,NA,1412.51,1288.31,609.59,1132.86,725,402,1.41251,1.28831,0.60959,1.13286,0.725,0.402,301,189.5,195,213.5
"298",1081,"R000","Montebello","Lombardia","Pavia",2020-12-17,489,16019.424,32.7595582822086,"Thursday","12","2020","Autumn","False","False",1525,NA,"","giallo",NA,NA,NA,NA,NA,NA,NA,NA,NA,NA,NA,NA,1412.51,1288.31,609.59,1132.86,725,402,1.41251,1.28831,0.60959,1.13286,0.725,0.402,299,189.5,194,213.5
"299",1082,"R000","Montebello","Lombardia","Pavia",2020-12-18,679,21754.575,32.0391384388807,"Friday","12","2020","Autumn","False","False",1525,0.6,"True","giallo",NA,NA,NA,NA,NA,NA,NA,NA,NA,NA,NA,NA,1412.51,1288.31,609.59,1132.86,725,402,1.41251,1.28831,0.60959,1.13286,0.725,0.402,299,189.5,194,213.5
"300",1083,"R000","Montebello","Lombardia","Pavia",2020-12-19,536,19671.66,36.7008582089552,"Saturday","12","2020","Autumn","True","False",1525,4.4,"True","giallo",NA,NA,NA,NA,NA,NA,NA,NA,NA,NA,NA,NA,1412.51,1288.31,609.59,1132.86,725,402,1.41251,1.28831,0.60959,1.13286,0.725,0.402,299,189.5,194,213.5
"301",1084,"R000","Montebello","Lombardia","Pavia",2020-12-20,426,15984.459,37.5222042253521,"Sunday","12","2020","Autumn","True","True",1525,8.4,"True","giallo",NA,NA,NA,NA,NA,NA,NA,NA,NA,NA,NA,NA,1412.51,1288.31,609.59,1132.86,725,402,1.41251,1.28831,0.60959,1.13286,0.725,0.402,299,189.5,194,213.5
"302",1085,"R000","Montebello","Lombardia","Pavia",2020-12-21,492,16878.942,34.3067926829268,"Monday","12","2020","Winter","False","False",1525,0.4,"True","giallo",NA,NA,NA,NA,NA,NA,NA,NA,NA,NA,NA,NA,1427.58,1304.31,616.67,1141.39,733.64,407.44,1.42758,1.30431,0.61667,1.14139,0.73364,0.40744,299,189.5,194,213.5
"303",1086,"R000","Montebello","Lombardia","Pavia",2020-12-22,529,18209.799,34.4230604914934,"Tuesday","12","2020","Winter","False","False",1525,NA,"","giallo",NA,NA,NA,NA,NA,NA,NA,NA,NA,NA,NA,NA,1427.58,1304.31,616.67,1141.39,733.64,407.44,1.42758,1.30431,0.61667,1.14139,0.73364,0.40744,299,189.5,194,213.5
"304",1087,"R000","Montebello","Lombardia","Pavia",2020-12-23,592,20790.945,35.119839527027,"Wednesday","12","2020","Winter","False","False",1525,4,"True","giallo",NA,NA,NA,NA,NA,NA,NA,NA,NA,NA,NA,NA,1427.58,1304.31,616.67,1141.39,733.64,407.44,1.42758,1.30431,0.61667,1.14139,0.73364,0.40744,299,189.5,194,213.5
"305",1088,"R000","Montebello","Lombardia","Pavia",2020-12-24,75,2369.79,31.5972,"Thursday","12","2020","Winter","False","False",1525,4.8,"True","rosso",NA,NA,NA,NA,NA,NA,NA,NA,NA,NA,NA,NA,1427.58,1304.31,616.67,1141.39,733.64,407.44,1.42758,1.30431,0.61667,1.14139,0.73364,0.40744,297,189.5,194,213.5
"306",1089,"R000","Montebello","Lombardia","Pavia",2020-12-25,0,0,0,"Friday","12","2020","Winter","False","True",1525,38.4,"True","rosso",NA,NA,NA,NA,NA,NA,NA,NA,NA,NA,NA,NA,1427.58,1304.31,616.67,1141.39,733.64,407.44,1.42758,1.30431,0.61667,1.14139,0.73364,0.40744,297,189.5,194,213.5
"307",1090,"R000","Montebello","Lombardia","Pavia",2020-12-26,0,0,0,"Saturday","12","2020","Winter","True","True",1525,0.4,"True","rosso",NA,NA,NA,NA,NA,NA,NA,NA,NA,NA,NA,NA,1427.58,1304.31,616.67,1141.39,733.64,407.44,1.42758,1.30431,0.61667,1.14139,0.73364,0.40744,297,189.5,194,213.5
"308",1091,"R000","Montebello","Lombardia","Pavia",2020-12-27,180,7423.947,41.24415,"Sunday","12","2020","Winter","True","True",1525,NA,"","rosso",718,NA,1,NA,NA,NA,718,NA,1,NA,NA,NA,1427.58,1304.31,616.67,1141.39,733.64,407.44,1.42758,1.30431,0.61667,1.14139,0.73364,0.40744,297,189.5,194,213.5
"309",1092,"R000","Montebello","Lombardia","Pavia",2020-12-28,305,11323.449,37.126062295082,"Monday","12","2020","Winter","False","False",1525,3.4,"True","arancione",108,NA,NA,NA,NA,NA,826,NA,1,NA,NA,NA,1434.07,1311.79,621.53,1139.79,729.09,410.89,1.43407,1.31179,0.62153,1.13979,0.72909,0.41089,297,189.5,194,213.5
"310",1093,"R000","Montebello","Lombardia","Pavia",2020-12-29,445,16564.689,37.2240202247191,"Tuesday","12","2020","Winter","False","False",1525,3.6,"True","arancione",107,NA,NA,NA,NA,NA,933,NA,1,NA,NA,NA,1434.07,1311.79,621.53,1139.79,729.09,410.89,1.43407,1.31179,0.62153,1.13979,0.72909,0.41089,297,189.5,194,213.5
"311",1094,"R000","Montebello","Lombardia","Pavia",2020-12-30,505,19555.371,38.7235069306931,"Wednesday","12","2020","Winter","False","False",1525,5.8,"True","arancione",115,NA,NA,NA,NA,NA,1048,NA,1,NA,NA,NA,1434.07,1311.79,621.53,1139.79,729.09,410.89,1.43407,1.31179,0.62153,1.13979,0.72909,0.41089,297,189.5,194,213.5
"312",1095,"R000","Montebello","Lombardia","Pavia",2020-12-31,87,2934.765,33.7329310344828,"Thursday","12","2020","Winter","False","False",1525,0.4,"True","rosso",715,NA,NA,NA,NA,NA,1763,NA,1,NA,NA,NA,1434.07,1311.79,621.53,1139.79,729.09,410.89,1.43407,1.31179,0.62153,1.13979,0.72909,0.41089,297,189.5,194,213.5
